location,location_name,type,quantile,value,target_end_date,forecast_date,target,board_name,submission_date,horizon
GM,Germany,quantile,0.01,1401.99,2020-12-05,2020-11-30,1 wk ahead inc death,EpiNow2_secondary,2020-11-30,1
GM,Germany,quantile,0.025,1470.925,2020-12-05,2020-11-30,1 wk ahead inc death,EpiNow2_secondary,2020-11-30,1
GM,Germany,quantile,0.05,1531,2020-12-05,2020-11-30,1 wk ahead inc death,EpiNow2_secondary,2020-11-30,1
GM,Germany,quantile,0.1,1595,2020-12-05,2020-11-30,1 wk ahead inc death,EpiNow2_secondary,2020-11-30,1
GM,Germany,quantile,0.15,1640,2020-12-05,2020-11-30,1 wk ahead inc death,EpiNow2_secondary,2020-11-30,1
GM,Germany,quantile,0.2,1677,2020-12-05,2020-11-30,1 wk ahead inc death,EpiNow2_secondary,2020-11-30,1
GM,Germany,quantile,0.25,1707,2020-12-05,2020-11-30,1 wk ahead inc death,EpiNow2_secondary,2020-11-30,1
GM,Germany,quantile,0.3,1735,2020-12-05,2020-11-30,1 wk ahead inc death,EpiNow2_secondary,2020-11-30,1
GM,Germany,quantile,0.35,1759,2020-12-05,2020-11-30,1 wk ahead inc death,EpiNow2_secondary,2020-11-30,1
GM,Germany,quantile,0.4,1786.6,2020-12-05,2020-11-30,1 wk ahead inc death,EpiNow2_secondary,2020-11-30,1
GM,Germany,quantile,0.45,1808,2020-12-05,2020-11-30,1 wk ahead inc death,EpiNow2_secondary,2020-11-30,1
GM,Germany,quantile,0.5,1832,2020-12-05,2020-11-30,1 wk ahead inc death,EpiNow2_secondary,2020-11-30,1
GM,Germany,quantile,0.55,1854,2020-12-05,2020-11-30,1 wk ahead inc death,EpiNow2_secondary,2020-11-30,1
GM,Germany,quantile,0.6,1875.4,2020-12-05,2020-11-30,1 wk ahead inc death,EpiNow2_secondary,2020-11-30,1
GM,Germany,quantile,0.65,1901,2020-12-05,2020-11-30,1 wk ahead inc death,EpiNow2_secondary,2020-11-30,1
GM,Germany,quantile,0.7,1927,2020-12-05,2020-11-30,1 wk ahead inc death,EpiNow2_secondary,2020-11-30,1
GM,Germany,quantile,0.75,1954,2020-12-05,2020-11-30,1 wk ahead inc death,EpiNow2_secondary,2020-11-30,1
GM,Germany,quantile,0.8,1989,2020-12-05,2020-11-30,1 wk ahead inc death,EpiNow2_secondary,2020-11-30,1
GM,Germany,quantile,0.85,2025,2020-12-05,2020-11-30,1 wk ahead inc death,EpiNow2_secondary,2020-11-30,1
GM,Germany,quantile,0.9,2075.1,2020-12-05,2020-11-30,1 wk ahead inc death,EpiNow2_secondary,2020-11-30,1
GM,Germany,quantile,0.95,2145.1,2020-12-05,2020-11-30,1 wk ahead inc death,EpiNow2_secondary,2020-11-30,1
GM,Germany,quantile,0.975,2204,2020-12-05,2020-11-30,1 wk ahead inc death,EpiNow2_secondary,2020-11-30,1
GM,Germany,quantile,0.99,2278.07,2020-12-05,2020-11-30,1 wk ahead inc death,EpiNow2_secondary,2020-11-30,1
GM,Germany,quantile,0.01,1338.89,2020-12-12,2020-11-30,2 wk ahead inc death,EpiNow2_secondary,2020-11-30,2
GM,Germany,quantile,0.025,1404.975,2020-12-12,2020-11-30,2 wk ahead inc death,EpiNow2_secondary,2020-11-30,2
GM,Germany,quantile,0.05,1466.95,2020-12-12,2020-11-30,2 wk ahead inc death,EpiNow2_secondary,2020-11-30,2
GM,Germany,quantile,0.1,1536,2020-12-12,2020-11-30,2 wk ahead inc death,EpiNow2_secondary,2020-11-30,2
GM,Germany,quantile,0.15,1577,2020-12-12,2020-11-30,2 wk ahead inc death,EpiNow2_secondary,2020-11-30,2
GM,Germany,quantile,0.2,1619,2020-12-12,2020-11-30,2 wk ahead inc death,EpiNow2_secondary,2020-11-30,2
GM,Germany,quantile,0.25,1652.75,2020-12-12,2020-11-30,2 wk ahead inc death,EpiNow2_secondary,2020-11-30,2
GM,Germany,quantile,0.3,1682,2020-12-12,2020-11-30,2 wk ahead inc death,EpiNow2_secondary,2020-11-30,2
GM,Germany,quantile,0.35,1707.65,2020-12-12,2020-11-30,2 wk ahead inc death,EpiNow2_secondary,2020-11-30,2
GM,Germany,quantile,0.4,1732,2020-12-12,2020-11-30,2 wk ahead inc death,EpiNow2_secondary,2020-11-30,2
GM,Germany,quantile,0.45,1756.55,2020-12-12,2020-11-30,2 wk ahead inc death,EpiNow2_secondary,2020-11-30,2
GM,Germany,quantile,0.5,1780,2020-12-12,2020-11-30,2 wk ahead inc death,EpiNow2_secondary,2020-11-30,2
GM,Germany,quantile,0.55,1803,2020-12-12,2020-11-30,2 wk ahead inc death,EpiNow2_secondary,2020-11-30,2
GM,Germany,quantile,0.6,1830,2020-12-12,2020-11-30,2 wk ahead inc death,EpiNow2_secondary,2020-11-30,2
GM,Germany,quantile,0.65,1858,2020-12-12,2020-11-30,2 wk ahead inc death,EpiNow2_secondary,2020-11-30,2
GM,Germany,quantile,0.7,1882,2020-12-12,2020-11-30,2 wk ahead inc death,EpiNow2_secondary,2020-11-30,2
GM,Germany,quantile,0.75,1914.25,2020-12-12,2020-11-30,2 wk ahead inc death,EpiNow2_secondary,2020-11-30,2
GM,Germany,quantile,0.8,1947,2020-12-12,2020-11-30,2 wk ahead inc death,EpiNow2_secondary,2020-11-30,2
GM,Germany,quantile,0.85,1981,2020-12-12,2020-11-30,2 wk ahead inc death,EpiNow2_secondary,2020-11-30,2
GM,Germany,quantile,0.9,2029.1,2020-12-12,2020-11-30,2 wk ahead inc death,EpiNow2_secondary,2020-11-30,2
GM,Germany,quantile,0.95,2112.05,2020-12-12,2020-11-30,2 wk ahead inc death,EpiNow2_secondary,2020-11-30,2
GM,Germany,quantile,0.975,2163.175,2020-12-12,2020-11-30,2 wk ahead inc death,EpiNow2_secondary,2020-11-30,2
GM,Germany,quantile,0.99,2267.1,2020-12-12,2020-11-30,2 wk ahead inc death,EpiNow2_secondary,2020-11-30,2
GM,Germany,quantile,0.01,1227.97,2020-12-19,2020-11-30,3 wk ahead inc death,EpiNow2_secondary,2020-11-30,3
GM,Germany,quantile,0.025,1322.975,2020-12-19,2020-11-30,3 wk ahead inc death,EpiNow2_secondary,2020-11-30,3
GM,Germany,quantile,0.05,1398.9,2020-12-19,2020-11-30,3 wk ahead inc death,EpiNow2_secondary,2020-11-30,3
GM,Germany,quantile,0.1,1473,2020-12-19,2020-11-30,3 wk ahead inc death,EpiNow2_secondary,2020-11-30,3
GM,Germany,quantile,0.15,1532.85,2020-12-19,2020-11-30,3 wk ahead inc death,EpiNow2_secondary,2020-11-30,3
GM,Germany,quantile,0.2,1569,2020-12-19,2020-11-30,3 wk ahead inc death,EpiNow2_secondary,2020-11-30,3
GM,Germany,quantile,0.25,1604.75,2020-12-19,2020-11-30,3 wk ahead inc death,EpiNow2_secondary,2020-11-30,3
GM,Germany,quantile,0.3,1648.7,2020-12-19,2020-11-30,3 wk ahead inc death,EpiNow2_secondary,2020-11-30,3
GM,Germany,quantile,0.35,1688,2020-12-19,2020-11-30,3 wk ahead inc death,EpiNow2_secondary,2020-11-30,3
GM,Germany,quantile,0.4,1721.6,2020-12-19,2020-11-30,3 wk ahead inc death,EpiNow2_secondary,2020-11-30,3
GM,Germany,quantile,0.45,1755.55,2020-12-19,2020-11-30,3 wk ahead inc death,EpiNow2_secondary,2020-11-30,3
GM,Germany,quantile,0.5,1785,2020-12-19,2020-11-30,3 wk ahead inc death,EpiNow2_secondary,2020-11-30,3
GM,Germany,quantile,0.55,1816,2020-12-19,2020-11-30,3 wk ahead inc death,EpiNow2_secondary,2020-11-30,3
GM,Germany,quantile,0.6,1846.4,2020-12-19,2020-11-30,3 wk ahead inc death,EpiNow2_secondary,2020-11-30,3
GM,Germany,quantile,0.65,1884,2020-12-19,2020-11-30,3 wk ahead inc death,EpiNow2_secondary,2020-11-30,3
GM,Germany,quantile,0.7,1921,2020-12-19,2020-11-30,3 wk ahead inc death,EpiNow2_secondary,2020-11-30,3
GM,Germany,quantile,0.75,1961.25,2020-12-19,2020-11-30,3 wk ahead inc death,EpiNow2_secondary,2020-11-30,3
GM,Germany,quantile,0.8,2014,2020-12-19,2020-11-30,3 wk ahead inc death,EpiNow2_secondary,2020-11-30,3
GM,Germany,quantile,0.85,2072,2020-12-19,2020-11-30,3 wk ahead inc death,EpiNow2_secondary,2020-11-30,3
GM,Germany,quantile,0.9,2141,2020-12-19,2020-11-30,3 wk ahead inc death,EpiNow2_secondary,2020-11-30,3
GM,Germany,quantile,0.95,2262.05,2020-12-19,2020-11-30,3 wk ahead inc death,EpiNow2_secondary,2020-11-30,3
GM,Germany,quantile,0.975,2347.025,2020-12-19,2020-11-30,3 wk ahead inc death,EpiNow2_secondary,2020-11-30,3
GM,Germany,quantile,0.99,2481,2020-12-19,2020-11-30,3 wk ahead inc death,EpiNow2_secondary,2020-11-30,3
GM,Germany,quantile,0.01,976.98,2020-12-26,2020-11-30,4 wk ahead inc death,EpiNow2_secondary,2020-11-30,4
GM,Germany,quantile,0.025,1094.975,2020-12-26,2020-11-30,4 wk ahead inc death,EpiNow2_secondary,2020-11-30,4
GM,Germany,quantile,0.05,1187.75,2020-12-26,2020-11-30,4 wk ahead inc death,EpiNow2_secondary,2020-11-30,4
GM,Germany,quantile,0.1,1293,2020-12-26,2020-11-30,4 wk ahead inc death,EpiNow2_secondary,2020-11-30,4
GM,Germany,quantile,0.15,1380,2020-12-26,2020-11-30,4 wk ahead inc death,EpiNow2_secondary,2020-11-30,4
GM,Germany,quantile,0.2,1449,2020-12-26,2020-11-30,4 wk ahead inc death,EpiNow2_secondary,2020-11-30,4
GM,Germany,quantile,0.25,1509,2020-12-26,2020-11-30,4 wk ahead inc death,EpiNow2_secondary,2020-11-30,4
GM,Germany,quantile,0.3,1568,2020-12-26,2020-11-30,4 wk ahead inc death,EpiNow2_secondary,2020-11-30,4
GM,Germany,quantile,0.35,1623,2020-12-26,2020-11-30,4 wk ahead inc death,EpiNow2_secondary,2020-11-30,4
GM,Germany,quantile,0.4,1670,2020-12-26,2020-11-30,4 wk ahead inc death,EpiNow2_secondary,2020-11-30,4
GM,Germany,quantile,0.45,1725,2020-12-26,2020-11-30,4 wk ahead inc death,EpiNow2_secondary,2020-11-30,4
GM,Germany,quantile,0.5,1783.5,2020-12-26,2020-11-30,4 wk ahead inc death,EpiNow2_secondary,2020-11-30,4
GM,Germany,quantile,0.55,1848.45,2020-12-26,2020-11-30,4 wk ahead inc death,EpiNow2_secondary,2020-11-30,4
GM,Germany,quantile,0.6,1902.4,2020-12-26,2020-11-30,4 wk ahead inc death,EpiNow2_secondary,2020-11-30,4
GM,Germany,quantile,0.65,1968.35,2020-12-26,2020-11-30,4 wk ahead inc death,EpiNow2_secondary,2020-11-30,4
GM,Germany,quantile,0.7,2047,2020-12-26,2020-11-30,4 wk ahead inc death,EpiNow2_secondary,2020-11-30,4
GM,Germany,quantile,0.75,2125.25,2020-12-26,2020-11-30,4 wk ahead inc death,EpiNow2_secondary,2020-11-30,4
GM,Germany,quantile,0.8,2222.2,2020-12-26,2020-11-30,4 wk ahead inc death,EpiNow2_secondary,2020-11-30,4
GM,Germany,quantile,0.85,2341.15,2020-12-26,2020-11-30,4 wk ahead inc death,EpiNow2_secondary,2020-11-30,4
GM,Germany,quantile,0.9,2526.2,2020-12-26,2020-11-30,4 wk ahead inc death,EpiNow2_secondary,2020-11-30,4
GM,Germany,quantile,0.95,2840.25,2020-12-26,2020-11-30,4 wk ahead inc death,EpiNow2_secondary,2020-11-30,4
GM,Germany,quantile,0.975,3187.675,2020-12-26,2020-11-30,4 wk ahead inc death,EpiNow2_secondary,2020-11-30,4
GM,Germany,quantile,0.99,3685.15,2020-12-26,2020-11-30,4 wk ahead inc death,EpiNow2_secondary,2020-11-30,4
PL,Poland,quantile,0.01,2267.97,2020-12-05,2020-11-30,1 wk ahead inc death,EpiNow2_secondary,2020-11-30,1
PL,Poland,quantile,0.025,2383,2020-12-05,2020-11-30,1 wk ahead inc death,EpiNow2_secondary,2020-11-30,1
PL,Poland,quantile,0.05,2454.95,2020-12-05,2020-11-30,1 wk ahead inc death,EpiNow2_secondary,2020-11-30,1
PL,Poland,quantile,0.1,2553.8,2020-12-05,2020-11-30,1 wk ahead inc death,EpiNow2_secondary,2020-11-30,1
PL,Poland,quantile,0.15,2617,2020-12-05,2020-11-30,1 wk ahead inc death,EpiNow2_secondary,2020-11-30,1
PL,Poland,quantile,0.2,2674,2020-12-05,2020-11-30,1 wk ahead inc death,EpiNow2_secondary,2020-11-30,1
PL,Poland,quantile,0.25,2724.75,2020-12-05,2020-11-30,1 wk ahead inc death,EpiNow2_secondary,2020-11-30,1
PL,Poland,quantile,0.3,2763,2020-12-05,2020-11-30,1 wk ahead inc death,EpiNow2_secondary,2020-11-30,1
PL,Poland,quantile,0.35,2794,2020-12-05,2020-11-30,1 wk ahead inc death,EpiNow2_secondary,2020-11-30,1
PL,Poland,quantile,0.4,2829,2020-12-05,2020-11-30,1 wk ahead inc death,EpiNow2_secondary,2020-11-30,1
PL,Poland,quantile,0.45,2859,2020-12-05,2020-11-30,1 wk ahead inc death,EpiNow2_secondary,2020-11-30,1
PL,Poland,quantile,0.5,2890,2020-12-05,2020-11-30,1 wk ahead inc death,EpiNow2_secondary,2020-11-30,1
PL,Poland,quantile,0.55,2921.45,2020-12-05,2020-11-30,1 wk ahead inc death,EpiNow2_secondary,2020-11-30,1
PL,Poland,quantile,0.6,2953.4,2020-12-05,2020-11-30,1 wk ahead inc death,EpiNow2_secondary,2020-11-30,1
PL,Poland,quantile,0.65,2988,2020-12-05,2020-11-30,1 wk ahead inc death,EpiNow2_secondary,2020-11-30,1
PL,Poland,quantile,0.7,3024,2020-12-05,2020-11-30,1 wk ahead inc death,EpiNow2_secondary,2020-11-30,1
PL,Poland,quantile,0.75,3064,2020-12-05,2020-11-30,1 wk ahead inc death,EpiNow2_secondary,2020-11-30,1
PL,Poland,quantile,0.8,3107,2020-12-05,2020-11-30,1 wk ahead inc death,EpiNow2_secondary,2020-11-30,1
PL,Poland,quantile,0.85,3162,2020-12-05,2020-11-30,1 wk ahead inc death,EpiNow2_secondary,2020-11-30,1
PL,Poland,quantile,0.9,3236,2020-12-05,2020-11-30,1 wk ahead inc death,EpiNow2_secondary,2020-11-30,1
PL,Poland,quantile,0.95,3339.05,2020-12-05,2020-11-30,1 wk ahead inc death,EpiNow2_secondary,2020-11-30,1
PL,Poland,quantile,0.975,3433,2020-12-05,2020-11-30,1 wk ahead inc death,EpiNow2_secondary,2020-11-30,1
PL,Poland,quantile,0.99,3555.04,2020-12-05,2020-11-30,1 wk ahead inc death,EpiNow2_secondary,2020-11-30,1
PL,Poland,quantile,0.01,1524.97,2020-12-12,2020-11-30,2 wk ahead inc death,EpiNow2_secondary,2020-11-30,2
PL,Poland,quantile,0.025,1642.875,2020-12-12,2020-11-30,2 wk ahead inc death,EpiNow2_secondary,2020-11-30,2
PL,Poland,quantile,0.05,1728.95,2020-12-12,2020-11-30,2 wk ahead inc death,EpiNow2_secondary,2020-11-30,2
PL,Poland,quantile,0.1,1837.9,2020-12-12,2020-11-30,2 wk ahead inc death,EpiNow2_secondary,2020-11-30,2
PL,Poland,quantile,0.15,1914,2020-12-12,2020-11-30,2 wk ahead inc death,EpiNow2_secondary,2020-11-30,2
PL,Poland,quantile,0.2,1972.6,2020-12-12,2020-11-30,2 wk ahead inc death,EpiNow2_secondary,2020-11-30,2
PL,Poland,quantile,0.25,2028,2020-12-12,2020-11-30,2 wk ahead inc death,EpiNow2_secondary,2020-11-30,2
PL,Poland,quantile,0.3,2071.7,2020-12-12,2020-11-30,2 wk ahead inc death,EpiNow2_secondary,2020-11-30,2
PL,Poland,quantile,0.35,2112.65,2020-12-12,2020-11-30,2 wk ahead inc death,EpiNow2_secondary,2020-11-30,2
PL,Poland,quantile,0.4,2152,2020-12-12,2020-11-30,2 wk ahead inc death,EpiNow2_secondary,2020-11-30,2
PL,Poland,quantile,0.45,2190,2020-12-12,2020-11-30,2 wk ahead inc death,EpiNow2_secondary,2020-11-30,2
PL,Poland,quantile,0.5,2227,2020-12-12,2020-11-30,2 wk ahead inc death,EpiNow2_secondary,2020-11-30,2
PL,Poland,quantile,0.55,2264,2020-12-12,2020-11-30,2 wk ahead inc death,EpiNow2_secondary,2020-11-30,2
PL,Poland,quantile,0.6,2306,2020-12-12,2020-11-30,2 wk ahead inc death,EpiNow2_secondary,2020-11-30,2
PL,Poland,quantile,0.65,2342.35,2020-12-12,2020-11-30,2 wk ahead inc death,EpiNow2_secondary,2020-11-30,2
PL,Poland,quantile,0.7,2380,2020-12-12,2020-11-30,2 wk ahead inc death,EpiNow2_secondary,2020-11-30,2
PL,Poland,quantile,0.75,2440.25,2020-12-12,2020-11-30,2 wk ahead inc death,EpiNow2_secondary,2020-11-30,2
PL,Poland,quantile,0.8,2492,2020-12-12,2020-11-30,2 wk ahead inc death,EpiNow2_secondary,2020-11-30,2
PL,Poland,quantile,0.85,2556,2020-12-12,2020-11-30,2 wk ahead inc death,EpiNow2_secondary,2020-11-30,2
PL,Poland,quantile,0.9,2637,2020-12-12,2020-11-30,2 wk ahead inc death,EpiNow2_secondary,2020-11-30,2
PL,Poland,quantile,0.95,2768.05,2020-12-12,2020-11-30,2 wk ahead inc death,EpiNow2_secondary,2020-11-30,2
PL,Poland,quantile,0.975,2873.075,2020-12-12,2020-11-30,2 wk ahead inc death,EpiNow2_secondary,2020-11-30,2
PL,Poland,quantile,0.99,2980.05,2020-12-12,2020-11-30,2 wk ahead inc death,EpiNow2_secondary,2020-11-30,2
PL,Poland,quantile,0.01,929.91,2020-12-19,2020-11-30,3 wk ahead inc death,EpiNow2_secondary,2020-11-30,3
PL,Poland,quantile,0.025,1037,2020-12-19,2020-11-30,3 wk ahead inc death,EpiNow2_secondary,2020-11-30,3
PL,Poland,quantile,0.05,1124.9,2020-12-19,2020-11-30,3 wk ahead inc death,EpiNow2_secondary,2020-11-30,3
PL,Poland,quantile,0.1,1238.8,2020-12-19,2020-11-30,3 wk ahead inc death,EpiNow2_secondary,2020-11-30,3
PL,Poland,quantile,0.15,1300.85,2020-12-19,2020-11-30,3 wk ahead inc death,EpiNow2_secondary,2020-11-30,3
PL,Poland,quantile,0.2,1366.8,2020-12-19,2020-11-30,3 wk ahead inc death,EpiNow2_secondary,2020-11-30,3
PL,Poland,quantile,0.25,1424,2020-12-19,2020-11-30,3 wk ahead inc death,EpiNow2_secondary,2020-11-30,3
PL,Poland,quantile,0.3,1470.7,2020-12-19,2020-11-30,3 wk ahead inc death,EpiNow2_secondary,2020-11-30,3
PL,Poland,quantile,0.35,1515,2020-12-19,2020-11-30,3 wk ahead inc death,EpiNow2_secondary,2020-11-30,3
PL,Poland,quantile,0.4,1557,2020-12-19,2020-11-30,3 wk ahead inc death,EpiNow2_secondary,2020-11-30,3
PL,Poland,quantile,0.45,1596,2020-12-19,2020-11-30,3 wk ahead inc death,EpiNow2_secondary,2020-11-30,3
PL,Poland,quantile,0.5,1639,2020-12-19,2020-11-30,3 wk ahead inc death,EpiNow2_secondary,2020-11-30,3
PL,Poland,quantile,0.55,1674,2020-12-19,2020-11-30,3 wk ahead inc death,EpiNow2_secondary,2020-11-30,3
PL,Poland,quantile,0.6,1721,2020-12-19,2020-11-30,3 wk ahead inc death,EpiNow2_secondary,2020-11-30,3
PL,Poland,quantile,0.65,1766,2020-12-19,2020-11-30,3 wk ahead inc death,EpiNow2_secondary,2020-11-30,3
PL,Poland,quantile,0.7,1820,2020-12-19,2020-11-30,3 wk ahead inc death,EpiNow2_secondary,2020-11-30,3
PL,Poland,quantile,0.75,1883.25,2020-12-19,2020-11-30,3 wk ahead inc death,EpiNow2_secondary,2020-11-30,3
PL,Poland,quantile,0.8,1949,2020-12-19,2020-11-30,3 wk ahead inc death,EpiNow2_secondary,2020-11-30,3
PL,Poland,quantile,0.85,2039,2020-12-19,2020-11-30,3 wk ahead inc death,EpiNow2_secondary,2020-11-30,3
PL,Poland,quantile,0.9,2157.1,2020-12-19,2020-11-30,3 wk ahead inc death,EpiNow2_secondary,2020-11-30,3
PL,Poland,quantile,0.95,2339.05,2020-12-19,2020-11-30,3 wk ahead inc death,EpiNow2_secondary,2020-11-30,3
PL,Poland,quantile,0.975,2533.25,2020-12-19,2020-11-30,3 wk ahead inc death,EpiNow2_secondary,2020-11-30,3
PL,Poland,quantile,0.99,2760.2,2020-12-19,2020-11-30,3 wk ahead inc death,EpiNow2_secondary,2020-11-30,3
PL,Poland,quantile,0.01,493.98,2020-12-26,2020-11-30,4 wk ahead inc death,EpiNow2_secondary,2020-11-30,4
PL,Poland,quantile,0.025,569,2020-12-26,2020-11-30,4 wk ahead inc death,EpiNow2_secondary,2020-11-30,4
PL,Poland,quantile,0.05,639.9,2020-12-26,2020-11-30,4 wk ahead inc death,EpiNow2_secondary,2020-11-30,4
PL,Poland,quantile,0.1,742,2020-12-26,2020-11-30,4 wk ahead inc death,EpiNow2_secondary,2020-11-30,4
PL,Poland,quantile,0.15,808.85,2020-12-26,2020-11-30,4 wk ahead inc death,EpiNow2_secondary,2020-11-30,4
PL,Poland,quantile,0.2,866.8,2020-12-26,2020-11-30,4 wk ahead inc death,EpiNow2_secondary,2020-11-30,4
PL,Poland,quantile,0.25,922.75,2020-12-26,2020-11-30,4 wk ahead inc death,EpiNow2_secondary,2020-11-30,4
PL,Poland,quantile,0.3,966.7,2020-12-26,2020-11-30,4 wk ahead inc death,EpiNow2_secondary,2020-11-30,4
PL,Poland,quantile,0.35,1008,2020-12-26,2020-11-30,4 wk ahead inc death,EpiNow2_secondary,2020-11-30,4
PL,Poland,quantile,0.4,1058.6,2020-12-26,2020-11-30,4 wk ahead inc death,EpiNow2_secondary,2020-11-30,4
PL,Poland,quantile,0.45,1100,2020-12-26,2020-11-30,4 wk ahead inc death,EpiNow2_secondary,2020-11-30,4
PL,Poland,quantile,0.5,1147.5,2020-12-26,2020-11-30,4 wk ahead inc death,EpiNow2_secondary,2020-11-30,4
PL,Poland,quantile,0.55,1193,2020-12-26,2020-11-30,4 wk ahead inc death,EpiNow2_secondary,2020-11-30,4
PL,Poland,quantile,0.6,1245.8,2020-12-26,2020-11-30,4 wk ahead inc death,EpiNow2_secondary,2020-11-30,4
PL,Poland,quantile,0.65,1307.05,2020-12-26,2020-11-30,4 wk ahead inc death,EpiNow2_secondary,2020-11-30,4
PL,Poland,quantile,0.7,1373,2020-12-26,2020-11-30,4 wk ahead inc death,EpiNow2_secondary,2020-11-30,4
PL,Poland,quantile,0.75,1444.25,2020-12-26,2020-11-30,4 wk ahead inc death,EpiNow2_secondary,2020-11-30,4
PL,Poland,quantile,0.8,1539,2020-12-26,2020-11-30,4 wk ahead inc death,EpiNow2_secondary,2020-11-30,4
PL,Poland,quantile,0.85,1643.15,2020-12-26,2020-11-30,4 wk ahead inc death,EpiNow2_secondary,2020-11-30,4
PL,Poland,quantile,0.9,1794.2,2020-12-26,2020-11-30,4 wk ahead inc death,EpiNow2_secondary,2020-11-30,4
PL,Poland,quantile,0.95,2068.25,2020-12-26,2020-11-30,4 wk ahead inc death,EpiNow2_secondary,2020-11-30,4
PL,Poland,quantile,0.975,2403.05,2020-12-26,2020-11-30,4 wk ahead inc death,EpiNow2_secondary,2020-11-30,4
PL,Poland,quantile,0.99,2874.1,2020-12-26,2020-11-30,4 wk ahead inc death,EpiNow2_secondary,2020-11-30,4
GM,Germany,quantile,0.01,1395.99,2020-12-12,2020-12-07,1 wk ahead inc death,EpiNow2_secondary,2020-12-07,1
GM,Germany,quantile,0.025,1462,2020-12-12,2020-12-07,1 wk ahead inc death,EpiNow2_secondary,2020-12-07,1
GM,Germany,quantile,0.05,1540.8,2020-12-12,2020-12-07,1 wk ahead inc death,EpiNow2_secondary,2020-12-07,1
GM,Germany,quantile,0.1,1655.7,2020-12-12,2020-12-07,1 wk ahead inc death,EpiNow2_secondary,2020-12-07,1
GM,Germany,quantile,0.15,1716.85,2020-12-12,2020-12-07,1 wk ahead inc death,EpiNow2_secondary,2020-12-07,1
GM,Germany,quantile,0.2,1760,2020-12-12,2020-12-07,1 wk ahead inc death,EpiNow2_secondary,2020-12-07,1
GM,Germany,quantile,0.25,1813,2020-12-12,2020-12-07,1 wk ahead inc death,EpiNow2_secondary,2020-12-07,1
GM,Germany,quantile,0.3,1855.7,2020-12-12,2020-12-07,1 wk ahead inc death,EpiNow2_secondary,2020-12-07,1
GM,Germany,quantile,0.35,1889,2020-12-12,2020-12-07,1 wk ahead inc death,EpiNow2_secondary,2020-12-07,1
GM,Germany,quantile,0.4,1919.6,2020-12-12,2020-12-07,1 wk ahead inc death,EpiNow2_secondary,2020-12-07,1
GM,Germany,quantile,0.45,1952.55,2020-12-12,2020-12-07,1 wk ahead inc death,EpiNow2_secondary,2020-12-07,1
GM,Germany,quantile,0.5,1984,2020-12-12,2020-12-07,1 wk ahead inc death,EpiNow2_secondary,2020-12-07,1
GM,Germany,quantile,0.55,2014,2020-12-12,2020-12-07,1 wk ahead inc death,EpiNow2_secondary,2020-12-07,1
GM,Germany,quantile,0.6,2042.4,2020-12-12,2020-12-07,1 wk ahead inc death,EpiNow2_secondary,2020-12-07,1
GM,Germany,quantile,0.65,2076,2020-12-12,2020-12-07,1 wk ahead inc death,EpiNow2_secondary,2020-12-07,1
GM,Germany,quantile,0.7,2115.3,2020-12-12,2020-12-07,1 wk ahead inc death,EpiNow2_secondary,2020-12-07,1
GM,Germany,quantile,0.75,2158,2020-12-12,2020-12-07,1 wk ahead inc death,EpiNow2_secondary,2020-12-07,1
GM,Germany,quantile,0.8,2203,2020-12-12,2020-12-07,1 wk ahead inc death,EpiNow2_secondary,2020-12-07,1
GM,Germany,quantile,0.85,2257.15,2020-12-12,2020-12-07,1 wk ahead inc death,EpiNow2_secondary,2020-12-07,1
GM,Germany,quantile,0.9,2324.1,2020-12-12,2020-12-07,1 wk ahead inc death,EpiNow2_secondary,2020-12-07,1
GM,Germany,quantile,0.95,2411,2020-12-12,2020-12-07,1 wk ahead inc death,EpiNow2_secondary,2020-12-07,1
GM,Germany,quantile,0.975,2495.075,2020-12-12,2020-12-07,1 wk ahead inc death,EpiNow2_secondary,2020-12-07,1
GM,Germany,quantile,0.99,2585.04,2020-12-12,2020-12-07,1 wk ahead inc death,EpiNow2_secondary,2020-12-07,1
GM,Germany,quantile,0.01,1346.99,2020-12-19,2020-12-07,2 wk ahead inc death,EpiNow2_secondary,2020-12-07,2
GM,Germany,quantile,0.025,1450.85,2020-12-19,2020-12-07,2 wk ahead inc death,EpiNow2_secondary,2020-12-07,2
GM,Germany,quantile,0.05,1532,2020-12-19,2020-12-07,2 wk ahead inc death,EpiNow2_secondary,2020-12-07,2
GM,Germany,quantile,0.1,1620.9,2020-12-19,2020-12-07,2 wk ahead inc death,EpiNow2_secondary,2020-12-07,2
GM,Germany,quantile,0.15,1689,2020-12-19,2020-12-07,2 wk ahead inc death,EpiNow2_secondary,2020-12-07,2
GM,Germany,quantile,0.2,1734,2020-12-19,2020-12-07,2 wk ahead inc death,EpiNow2_secondary,2020-12-07,2
GM,Germany,quantile,0.25,1781.75,2020-12-19,2020-12-07,2 wk ahead inc death,EpiNow2_secondary,2020-12-07,2
GM,Germany,quantile,0.3,1824,2020-12-19,2020-12-07,2 wk ahead inc death,EpiNow2_secondary,2020-12-07,2
GM,Germany,quantile,0.35,1860,2020-12-19,2020-12-07,2 wk ahead inc death,EpiNow2_secondary,2020-12-07,2
GM,Germany,quantile,0.4,1899,2020-12-19,2020-12-07,2 wk ahead inc death,EpiNow2_secondary,2020-12-07,2
GM,Germany,quantile,0.45,1929.1,2020-12-19,2020-12-07,2 wk ahead inc death,EpiNow2_secondary,2020-12-07,2
GM,Germany,quantile,0.5,1963.5,2020-12-19,2020-12-07,2 wk ahead inc death,EpiNow2_secondary,2020-12-07,2
GM,Germany,quantile,0.55,1996.45,2020-12-19,2020-12-07,2 wk ahead inc death,EpiNow2_secondary,2020-12-07,2
GM,Germany,quantile,0.6,2025,2020-12-19,2020-12-07,2 wk ahead inc death,EpiNow2_secondary,2020-12-07,2
GM,Germany,quantile,0.65,2062,2020-12-19,2020-12-07,2 wk ahead inc death,EpiNow2_secondary,2020-12-07,2
GM,Germany,quantile,0.7,2100,2020-12-19,2020-12-07,2 wk ahead inc death,EpiNow2_secondary,2020-12-07,2
GM,Germany,quantile,0.75,2144,2020-12-19,2020-12-07,2 wk ahead inc death,EpiNow2_secondary,2020-12-07,2
GM,Germany,quantile,0.8,2184,2020-12-19,2020-12-07,2 wk ahead inc death,EpiNow2_secondary,2020-12-07,2
GM,Germany,quantile,0.85,2244.15,2020-12-19,2020-12-07,2 wk ahead inc death,EpiNow2_secondary,2020-12-07,2
GM,Germany,quantile,0.9,2325.1,2020-12-19,2020-12-07,2 wk ahead inc death,EpiNow2_secondary,2020-12-07,2
GM,Germany,quantile,0.95,2432,2020-12-19,2020-12-07,2 wk ahead inc death,EpiNow2_secondary,2020-12-07,2
GM,Germany,quantile,0.975,2536.025,2020-12-19,2020-12-07,2 wk ahead inc death,EpiNow2_secondary,2020-12-07,2
GM,Germany,quantile,0.99,2687.04,2020-12-19,2020-12-07,2 wk ahead inc death,EpiNow2_secondary,2020-12-07,2
GM,Germany,quantile,0.01,1397.95,2020-12-26,2020-12-07,3 wk ahead inc death,EpiNow2_secondary,2020-12-07,3
GM,Germany,quantile,0.025,1507,2020-12-26,2020-12-07,3 wk ahead inc death,EpiNow2_secondary,2020-12-07,3
GM,Germany,quantile,0.05,1622.95,2020-12-26,2020-12-07,3 wk ahead inc death,EpiNow2_secondary,2020-12-07,3
GM,Germany,quantile,0.1,1749.8,2020-12-26,2020-12-07,3 wk ahead inc death,EpiNow2_secondary,2020-12-07,3
GM,Germany,quantile,0.15,1832.85,2020-12-26,2020-12-07,3 wk ahead inc death,EpiNow2_secondary,2020-12-07,3
GM,Germany,quantile,0.2,1904.8,2020-12-26,2020-12-07,3 wk ahead inc death,EpiNow2_secondary,2020-12-07,3
GM,Germany,quantile,0.25,1958.75,2020-12-26,2020-12-07,3 wk ahead inc death,EpiNow2_secondary,2020-12-07,3
GM,Germany,quantile,0.3,2008.7,2020-12-26,2020-12-07,3 wk ahead inc death,EpiNow2_secondary,2020-12-07,3
GM,Germany,quantile,0.35,2055,2020-12-26,2020-12-07,3 wk ahead inc death,EpiNow2_secondary,2020-12-07,3
GM,Germany,quantile,0.4,2100.6,2020-12-26,2020-12-07,3 wk ahead inc death,EpiNow2_secondary,2020-12-07,3
GM,Germany,quantile,0.45,2149,2020-12-26,2020-12-07,3 wk ahead inc death,EpiNow2_secondary,2020-12-07,3
GM,Germany,quantile,0.5,2197,2020-12-26,2020-12-07,3 wk ahead inc death,EpiNow2_secondary,2020-12-07,3
GM,Germany,quantile,0.55,2245,2020-12-26,2020-12-07,3 wk ahead inc death,EpiNow2_secondary,2020-12-07,3
GM,Germany,quantile,0.6,2298,2020-12-26,2020-12-07,3 wk ahead inc death,EpiNow2_secondary,2020-12-07,3
GM,Germany,quantile,0.65,2348.35,2020-12-26,2020-12-07,3 wk ahead inc death,EpiNow2_secondary,2020-12-07,3
GM,Germany,quantile,0.7,2403.3,2020-12-26,2020-12-07,3 wk ahead inc death,EpiNow2_secondary,2020-12-07,3
GM,Germany,quantile,0.75,2467,2020-12-26,2020-12-07,3 wk ahead inc death,EpiNow2_secondary,2020-12-07,3
GM,Germany,quantile,0.8,2556.4,2020-12-26,2020-12-07,3 wk ahead inc death,EpiNow2_secondary,2020-12-07,3
GM,Germany,quantile,0.85,2658.15,2020-12-26,2020-12-07,3 wk ahead inc death,EpiNow2_secondary,2020-12-07,3
GM,Germany,quantile,0.9,2812,2020-12-26,2020-12-07,3 wk ahead inc death,EpiNow2_secondary,2020-12-07,3
GM,Germany,quantile,0.95,3015,2020-12-26,2020-12-07,3 wk ahead inc death,EpiNow2_secondary,2020-12-07,3
GM,Germany,quantile,0.975,3272.25,2020-12-26,2020-12-07,3 wk ahead inc death,EpiNow2_secondary,2020-12-07,3
GM,Germany,quantile,0.99,3570.02,2020-12-26,2020-12-07,3 wk ahead inc death,EpiNow2_secondary,2020-12-07,3
GM,Germany,quantile,0.01,1325.95,2021-01-02,2020-12-07,4 wk ahead inc death,EpiNow2_secondary,2020-12-07,4
GM,Germany,quantile,0.025,1520,2021-01-02,2020-12-07,4 wk ahead inc death,EpiNow2_secondary,2020-12-07,4
GM,Germany,quantile,0.05,1666.75,2021-01-02,2020-12-07,4 wk ahead inc death,EpiNow2_secondary,2020-12-07,4
GM,Germany,quantile,0.1,1846.9,2021-01-02,2020-12-07,4 wk ahead inc death,EpiNow2_secondary,2020-12-07,4
GM,Germany,quantile,0.15,1980,2021-01-02,2020-12-07,4 wk ahead inc death,EpiNow2_secondary,2020-12-07,4
GM,Germany,quantile,0.2,2100.8,2021-01-02,2020-12-07,4 wk ahead inc death,EpiNow2_secondary,2020-12-07,4
GM,Germany,quantile,0.25,2170.75,2021-01-02,2020-12-07,4 wk ahead inc death,EpiNow2_secondary,2020-12-07,4
GM,Germany,quantile,0.3,2253,2021-01-02,2020-12-07,4 wk ahead inc death,EpiNow2_secondary,2020-12-07,4
GM,Germany,quantile,0.35,2336.65,2021-01-02,2020-12-07,4 wk ahead inc death,EpiNow2_secondary,2020-12-07,4
GM,Germany,quantile,0.4,2413.2,2021-01-02,2020-12-07,4 wk ahead inc death,EpiNow2_secondary,2020-12-07,4
GM,Germany,quantile,0.45,2485,2021-01-02,2020-12-07,4 wk ahead inc death,EpiNow2_secondary,2020-12-07,4
GM,Germany,quantile,0.5,2576.5,2021-01-02,2020-12-07,4 wk ahead inc death,EpiNow2_secondary,2020-12-07,4
GM,Germany,quantile,0.55,2684,2021-01-02,2020-12-07,4 wk ahead inc death,EpiNow2_secondary,2020-12-07,4
GM,Germany,quantile,0.6,2774.8,2021-01-02,2020-12-07,4 wk ahead inc death,EpiNow2_secondary,2020-12-07,4
GM,Germany,quantile,0.65,2869,2021-01-02,2020-12-07,4 wk ahead inc death,EpiNow2_secondary,2020-12-07,4
GM,Germany,quantile,0.7,3008.3,2021-01-02,2020-12-07,4 wk ahead inc death,EpiNow2_secondary,2020-12-07,4
GM,Germany,quantile,0.75,3139,2021-01-02,2020-12-07,4 wk ahead inc death,EpiNow2_secondary,2020-12-07,4
GM,Germany,quantile,0.8,3327,2021-01-02,2020-12-07,4 wk ahead inc death,EpiNow2_secondary,2020-12-07,4
GM,Germany,quantile,0.85,3543.15,2021-01-02,2020-12-07,4 wk ahead inc death,EpiNow2_secondary,2020-12-07,4
GM,Germany,quantile,0.9,3823.7,2021-01-02,2020-12-07,4 wk ahead inc death,EpiNow2_secondary,2020-12-07,4
GM,Germany,quantile,0.95,4430.35,2021-01-02,2020-12-07,4 wk ahead inc death,EpiNow2_secondary,2020-12-07,4
GM,Germany,quantile,0.975,5224.075,2021-01-02,2020-12-07,4 wk ahead inc death,EpiNow2_secondary,2020-12-07,4
GM,Germany,quantile,0.99,6344.77,2021-01-02,2020-12-07,4 wk ahead inc death,EpiNow2_secondary,2020-12-07,4
PL,Poland,quantile,0.01,1736,2020-12-12,2020-12-07,1 wk ahead inc death,EpiNow2_secondary,2020-12-07,1
PL,Poland,quantile,0.025,1793.925,2020-12-12,2020-12-07,1 wk ahead inc death,EpiNow2_secondary,2020-12-07,1
PL,Poland,quantile,0.05,1885.95,2020-12-12,2020-12-07,1 wk ahead inc death,EpiNow2_secondary,2020-12-07,1
PL,Poland,quantile,0.1,1984,2020-12-12,2020-12-07,1 wk ahead inc death,EpiNow2_secondary,2020-12-07,1
PL,Poland,quantile,0.15,2045,2020-12-12,2020-12-07,1 wk ahead inc death,EpiNow2_secondary,2020-12-07,1
PL,Poland,quantile,0.2,2089,2020-12-12,2020-12-07,1 wk ahead inc death,EpiNow2_secondary,2020-12-07,1
PL,Poland,quantile,0.25,2132.5,2020-12-12,2020-12-07,1 wk ahead inc death,EpiNow2_secondary,2020-12-07,1
PL,Poland,quantile,0.3,2166.7,2020-12-12,2020-12-07,1 wk ahead inc death,EpiNow2_secondary,2020-12-07,1
PL,Poland,quantile,0.35,2195.65,2020-12-12,2020-12-07,1 wk ahead inc death,EpiNow2_secondary,2020-12-07,1
PL,Poland,quantile,0.4,2233,2020-12-12,2020-12-07,1 wk ahead inc death,EpiNow2_secondary,2020-12-07,1
PL,Poland,quantile,0.45,2255,2020-12-12,2020-12-07,1 wk ahead inc death,EpiNow2_secondary,2020-12-07,1
PL,Poland,quantile,0.5,2279.5,2020-12-12,2020-12-07,1 wk ahead inc death,EpiNow2_secondary,2020-12-07,1
PL,Poland,quantile,0.55,2304,2020-12-12,2020-12-07,1 wk ahead inc death,EpiNow2_secondary,2020-12-07,1
PL,Poland,quantile,0.6,2333,2020-12-12,2020-12-07,1 wk ahead inc death,EpiNow2_secondary,2020-12-07,1
PL,Poland,quantile,0.65,2363,2020-12-12,2020-12-07,1 wk ahead inc death,EpiNow2_secondary,2020-12-07,1
PL,Poland,quantile,0.7,2393,2020-12-12,2020-12-07,1 wk ahead inc death,EpiNow2_secondary,2020-12-07,1
PL,Poland,quantile,0.75,2426,2020-12-12,2020-12-07,1 wk ahead inc death,EpiNow2_secondary,2020-12-07,1
PL,Poland,quantile,0.8,2461,2020-12-12,2020-12-07,1 wk ahead inc death,EpiNow2_secondary,2020-12-07,1
PL,Poland,quantile,0.85,2506.15,2020-12-12,2020-12-07,1 wk ahead inc death,EpiNow2_secondary,2020-12-07,1
PL,Poland,quantile,0.9,2569.1,2020-12-12,2020-12-07,1 wk ahead inc death,EpiNow2_secondary,2020-12-07,1
PL,Poland,quantile,0.95,2654,2020-12-12,2020-12-07,1 wk ahead inc death,EpiNow2_secondary,2020-12-07,1
PL,Poland,quantile,0.975,2742,2020-12-12,2020-12-07,1 wk ahead inc death,EpiNow2_secondary,2020-12-07,1
PL,Poland,quantile,0.99,2810.14,2020-12-12,2020-12-07,1 wk ahead inc death,EpiNow2_secondary,2020-12-07,1
PL,Poland,quantile,0.01,1126.97,2020-12-19,2020-12-07,2 wk ahead inc death,EpiNow2_secondary,2020-12-07,2
PL,Poland,quantile,0.025,1215.925,2020-12-19,2020-12-07,2 wk ahead inc death,EpiNow2_secondary,2020-12-07,2
PL,Poland,quantile,0.05,1282,2020-12-19,2020-12-07,2 wk ahead inc death,EpiNow2_secondary,2020-12-07,2
PL,Poland,quantile,0.1,1353.9,2020-12-19,2020-12-07,2 wk ahead inc death,EpiNow2_secondary,2020-12-07,2
PL,Poland,quantile,0.15,1408.85,2020-12-19,2020-12-07,2 wk ahead inc death,EpiNow2_secondary,2020-12-07,2
PL,Poland,quantile,0.2,1444,2020-12-19,2020-12-07,2 wk ahead inc death,EpiNow2_secondary,2020-12-07,2
PL,Poland,quantile,0.25,1480,2020-12-19,2020-12-07,2 wk ahead inc death,EpiNow2_secondary,2020-12-07,2
PL,Poland,quantile,0.3,1511,2020-12-19,2020-12-07,2 wk ahead inc death,EpiNow2_secondary,2020-12-07,2
PL,Poland,quantile,0.35,1543,2020-12-19,2020-12-07,2 wk ahead inc death,EpiNow2_secondary,2020-12-07,2
PL,Poland,quantile,0.4,1568.6,2020-12-19,2020-12-07,2 wk ahead inc death,EpiNow2_secondary,2020-12-07,2
PL,Poland,quantile,0.45,1591,2020-12-19,2020-12-07,2 wk ahead inc death,EpiNow2_secondary,2020-12-07,2
PL,Poland,quantile,0.5,1616,2020-12-19,2020-12-07,2 wk ahead inc death,EpiNow2_secondary,2020-12-07,2
PL,Poland,quantile,0.55,1649,2020-12-19,2020-12-07,2 wk ahead inc death,EpiNow2_secondary,2020-12-07,2
PL,Poland,quantile,0.6,1675,2020-12-19,2020-12-07,2 wk ahead inc death,EpiNow2_secondary,2020-12-07,2
PL,Poland,quantile,0.65,1704,2020-12-19,2020-12-07,2 wk ahead inc death,EpiNow2_secondary,2020-12-07,2
PL,Poland,quantile,0.7,1737,2020-12-19,2020-12-07,2 wk ahead inc death,EpiNow2_secondary,2020-12-07,2
PL,Poland,quantile,0.75,1768,2020-12-19,2020-12-07,2 wk ahead inc death,EpiNow2_secondary,2020-12-07,2
PL,Poland,quantile,0.8,1804,2020-12-19,2020-12-07,2 wk ahead inc death,EpiNow2_secondary,2020-12-07,2
PL,Poland,quantile,0.85,1839.15,2020-12-19,2020-12-07,2 wk ahead inc death,EpiNow2_secondary,2020-12-07,2
PL,Poland,quantile,0.9,1892.1,2020-12-19,2020-12-07,2 wk ahead inc death,EpiNow2_secondary,2020-12-07,2
PL,Poland,quantile,0.95,1987.05,2020-12-19,2020-12-07,2 wk ahead inc death,EpiNow2_secondary,2020-12-07,2
PL,Poland,quantile,0.975,2068.05,2020-12-19,2020-12-07,2 wk ahead inc death,EpiNow2_secondary,2020-12-07,2
PL,Poland,quantile,0.99,2151,2020-12-19,2020-12-07,2 wk ahead inc death,EpiNow2_secondary,2020-12-07,2
PL,Poland,quantile,0.01,688.99,2020-12-26,2020-12-07,3 wk ahead inc death,EpiNow2_secondary,2020-12-07,3
PL,Poland,quantile,0.025,729.975,2020-12-26,2020-12-07,3 wk ahead inc death,EpiNow2_secondary,2020-12-07,3
PL,Poland,quantile,0.05,783,2020-12-26,2020-12-07,3 wk ahead inc death,EpiNow2_secondary,2020-12-07,3
PL,Poland,quantile,0.1,858.9,2020-12-26,2020-12-07,3 wk ahead inc death,EpiNow2_secondary,2020-12-07,3
PL,Poland,quantile,0.15,907,2020-12-26,2020-12-07,3 wk ahead inc death,EpiNow2_secondary,2020-12-07,3
PL,Poland,quantile,0.2,946,2020-12-26,2020-12-07,3 wk ahead inc death,EpiNow2_secondary,2020-12-07,3
PL,Poland,quantile,0.25,978,2020-12-26,2020-12-07,3 wk ahead inc death,EpiNow2_secondary,2020-12-07,3
PL,Poland,quantile,0.3,1004,2020-12-26,2020-12-07,3 wk ahead inc death,EpiNow2_secondary,2020-12-07,3
PL,Poland,quantile,0.35,1030.65,2020-12-26,2020-12-07,3 wk ahead inc death,EpiNow2_secondary,2020-12-07,3
PL,Poland,quantile,0.4,1056,2020-12-26,2020-12-07,3 wk ahead inc death,EpiNow2_secondary,2020-12-07,3
PL,Poland,quantile,0.45,1084,2020-12-26,2020-12-07,3 wk ahead inc death,EpiNow2_secondary,2020-12-07,3
PL,Poland,quantile,0.5,1112.5,2020-12-26,2020-12-07,3 wk ahead inc death,EpiNow2_secondary,2020-12-07,3
PL,Poland,quantile,0.55,1140,2020-12-26,2020-12-07,3 wk ahead inc death,EpiNow2_secondary,2020-12-07,3
PL,Poland,quantile,0.6,1168,2020-12-26,2020-12-07,3 wk ahead inc death,EpiNow2_secondary,2020-12-07,3
PL,Poland,quantile,0.65,1197,2020-12-26,2020-12-07,3 wk ahead inc death,EpiNow2_secondary,2020-12-07,3
PL,Poland,quantile,0.7,1231,2020-12-26,2020-12-07,3 wk ahead inc death,EpiNow2_secondary,2020-12-07,3
PL,Poland,quantile,0.75,1271,2020-12-26,2020-12-07,3 wk ahead inc death,EpiNow2_secondary,2020-12-07,3
PL,Poland,quantile,0.8,1304,2020-12-26,2020-12-07,3 wk ahead inc death,EpiNow2_secondary,2020-12-07,3
PL,Poland,quantile,0.85,1361,2020-12-26,2020-12-07,3 wk ahead inc death,EpiNow2_secondary,2020-12-07,3
PL,Poland,quantile,0.9,1435,2020-12-26,2020-12-07,3 wk ahead inc death,EpiNow2_secondary,2020-12-07,3
PL,Poland,quantile,0.95,1552,2020-12-26,2020-12-07,3 wk ahead inc death,EpiNow2_secondary,2020-12-07,3
PL,Poland,quantile,0.975,1692,2020-12-26,2020-12-07,3 wk ahead inc death,EpiNow2_secondary,2020-12-07,3
PL,Poland,quantile,0.99,1905.02,2020-12-26,2020-12-07,3 wk ahead inc death,EpiNow2_secondary,2020-12-07,3
PL,Poland,quantile,0.01,328,2021-01-02,2020-12-07,4 wk ahead inc death,EpiNow2_secondary,2020-12-07,4
PL,Poland,quantile,0.025,388.95,2021-01-02,2020-12-07,4 wk ahead inc death,EpiNow2_secondary,2020-12-07,4
PL,Poland,quantile,0.05,430.95,2021-01-02,2020-12-07,4 wk ahead inc death,EpiNow2_secondary,2020-12-07,4
PL,Poland,quantile,0.1,492.8,2021-01-02,2020-12-07,4 wk ahead inc death,EpiNow2_secondary,2020-12-07,4
PL,Poland,quantile,0.15,536,2021-01-02,2020-12-07,4 wk ahead inc death,EpiNow2_secondary,2020-12-07,4
PL,Poland,quantile,0.2,566,2021-01-02,2020-12-07,4 wk ahead inc death,EpiNow2_secondary,2020-12-07,4
PL,Poland,quantile,0.25,592,2021-01-02,2020-12-07,4 wk ahead inc death,EpiNow2_secondary,2020-12-07,4
PL,Poland,quantile,0.3,621,2021-01-02,2020-12-07,4 wk ahead inc death,EpiNow2_secondary,2020-12-07,4
PL,Poland,quantile,0.35,650.65,2021-01-02,2020-12-07,4 wk ahead inc death,EpiNow2_secondary,2020-12-07,4
PL,Poland,quantile,0.4,675,2021-01-02,2020-12-07,4 wk ahead inc death,EpiNow2_secondary,2020-12-07,4
PL,Poland,quantile,0.45,703,2021-01-02,2020-12-07,4 wk ahead inc death,EpiNow2_secondary,2020-12-07,4
PL,Poland,quantile,0.5,730.5,2021-01-02,2020-12-07,4 wk ahead inc death,EpiNow2_secondary,2020-12-07,4
PL,Poland,quantile,0.55,756,2021-01-02,2020-12-07,4 wk ahead inc death,EpiNow2_secondary,2020-12-07,4
PL,Poland,quantile,0.6,793,2021-01-02,2020-12-07,4 wk ahead inc death,EpiNow2_secondary,2020-12-07,4
PL,Poland,quantile,0.65,829,2021-01-02,2020-12-07,4 wk ahead inc death,EpiNow2_secondary,2020-12-07,4
PL,Poland,quantile,0.7,864,2021-01-02,2020-12-07,4 wk ahead inc death,EpiNow2_secondary,2020-12-07,4
PL,Poland,quantile,0.75,918.25,2021-01-02,2020-12-07,4 wk ahead inc death,EpiNow2_secondary,2020-12-07,4
PL,Poland,quantile,0.8,966,2021-01-02,2020-12-07,4 wk ahead inc death,EpiNow2_secondary,2020-12-07,4
PL,Poland,quantile,0.85,1032.15,2021-01-02,2020-12-07,4 wk ahead inc death,EpiNow2_secondary,2020-12-07,4
PL,Poland,quantile,0.9,1127.1,2021-01-02,2020-12-07,4 wk ahead inc death,EpiNow2_secondary,2020-12-07,4
PL,Poland,quantile,0.95,1333.05,2021-01-02,2020-12-07,4 wk ahead inc death,EpiNow2_secondary,2020-12-07,4
PL,Poland,quantile,0.975,1521.225,2021-01-02,2020-12-07,4 wk ahead inc death,EpiNow2_secondary,2020-12-07,4
PL,Poland,quantile,0.99,1859.8,2021-01-02,2020-12-07,4 wk ahead inc death,EpiNow2_secondary,2020-12-07,4
GM,Germany,quantile,0.01,2000.98,2020-12-19,2020-12-14,1 wk ahead inc death,EpiNow2_secondary,2020-12-14,1
GM,Germany,quantile,0.025,2144,2020-12-19,2020-12-14,1 wk ahead inc death,EpiNow2_secondary,2020-12-14,1
GM,Germany,quantile,0.05,2279.95,2020-12-19,2020-12-14,1 wk ahead inc death,EpiNow2_secondary,2020-12-14,1
GM,Germany,quantile,0.1,2416.8,2020-12-19,2020-12-14,1 wk ahead inc death,EpiNow2_secondary,2020-12-14,1
GM,Germany,quantile,0.15,2508.85,2020-12-19,2020-12-14,1 wk ahead inc death,EpiNow2_secondary,2020-12-14,1
GM,Germany,quantile,0.2,2569,2020-12-19,2020-12-14,1 wk ahead inc death,EpiNow2_secondary,2020-12-14,1
GM,Germany,quantile,0.25,2617.75,2020-12-19,2020-12-14,1 wk ahead inc death,EpiNow2_secondary,2020-12-14,1
GM,Germany,quantile,0.3,2662,2020-12-19,2020-12-14,1 wk ahead inc death,EpiNow2_secondary,2020-12-14,1
GM,Germany,quantile,0.35,2713,2020-12-19,2020-12-14,1 wk ahead inc death,EpiNow2_secondary,2020-12-14,1
GM,Germany,quantile,0.4,2758.2,2020-12-19,2020-12-14,1 wk ahead inc death,EpiNow2_secondary,2020-12-14,1
GM,Germany,quantile,0.45,2803.1,2020-12-19,2020-12-14,1 wk ahead inc death,EpiNow2_secondary,2020-12-14,1
GM,Germany,quantile,0.5,2839,2020-12-19,2020-12-14,1 wk ahead inc death,EpiNow2_secondary,2020-12-14,1
GM,Germany,quantile,0.55,2887.45,2020-12-19,2020-12-14,1 wk ahead inc death,EpiNow2_secondary,2020-12-14,1
GM,Germany,quantile,0.6,2936,2020-12-19,2020-12-14,1 wk ahead inc death,EpiNow2_secondary,2020-12-14,1
GM,Germany,quantile,0.65,2978.35,2020-12-19,2020-12-14,1 wk ahead inc death,EpiNow2_secondary,2020-12-14,1
GM,Germany,quantile,0.7,3039,2020-12-19,2020-12-14,1 wk ahead inc death,EpiNow2_secondary,2020-12-14,1
GM,Germany,quantile,0.75,3110,2020-12-19,2020-12-14,1 wk ahead inc death,EpiNow2_secondary,2020-12-14,1
GM,Germany,quantile,0.8,3217.4,2020-12-19,2020-12-14,1 wk ahead inc death,EpiNow2_secondary,2020-12-14,1
GM,Germany,quantile,0.85,3301,2020-12-19,2020-12-14,1 wk ahead inc death,EpiNow2_secondary,2020-12-14,1
GM,Germany,quantile,0.9,3423.2,2020-12-19,2020-12-14,1 wk ahead inc death,EpiNow2_secondary,2020-12-14,1
GM,Germany,quantile,0.95,3631,2020-12-19,2020-12-14,1 wk ahead inc death,EpiNow2_secondary,2020-12-14,1
GM,Germany,quantile,0.975,3847.1,2020-12-19,2020-12-14,1 wk ahead inc death,EpiNow2_secondary,2020-12-14,1
GM,Germany,quantile,0.99,4124.07,2020-12-19,2020-12-14,1 wk ahead inc death,EpiNow2_secondary,2020-12-14,1
GM,Germany,quantile,0.01,2183.98,2020-12-26,2020-12-14,2 wk ahead inc death,EpiNow2_secondary,2020-12-14,2
GM,Germany,quantile,0.025,2372.825,2020-12-26,2020-12-14,2 wk ahead inc death,EpiNow2_secondary,2020-12-14,2
GM,Germany,quantile,0.05,2533.95,2020-12-26,2020-12-14,2 wk ahead inc death,EpiNow2_secondary,2020-12-14,2
GM,Germany,quantile,0.1,2691.3,2020-12-26,2020-12-14,2 wk ahead inc death,EpiNow2_secondary,2020-12-14,2
GM,Germany,quantile,0.15,2825.85,2020-12-26,2020-12-14,2 wk ahead inc death,EpiNow2_secondary,2020-12-14,2
GM,Germany,quantile,0.2,2919.2,2020-12-26,2020-12-14,2 wk ahead inc death,EpiNow2_secondary,2020-12-14,2
GM,Germany,quantile,0.25,2987.75,2020-12-26,2020-12-14,2 wk ahead inc death,EpiNow2_secondary,2020-12-14,2
GM,Germany,quantile,0.3,3056.4,2020-12-26,2020-12-14,2 wk ahead inc death,EpiNow2_secondary,2020-12-14,2
GM,Germany,quantile,0.35,3121.65,2020-12-26,2020-12-14,2 wk ahead inc death,EpiNow2_secondary,2020-12-14,2
GM,Germany,quantile,0.4,3177.6,2020-12-26,2020-12-14,2 wk ahead inc death,EpiNow2_secondary,2020-12-14,2
GM,Germany,quantile,0.45,3233.55,2020-12-26,2020-12-14,2 wk ahead inc death,EpiNow2_secondary,2020-12-14,2
GM,Germany,quantile,0.5,3304.5,2020-12-26,2020-12-14,2 wk ahead inc death,EpiNow2_secondary,2020-12-14,2
GM,Germany,quantile,0.55,3379,2020-12-26,2020-12-14,2 wk ahead inc death,EpiNow2_secondary,2020-12-14,2
GM,Germany,quantile,0.6,3452.4,2020-12-26,2020-12-14,2 wk ahead inc death,EpiNow2_secondary,2020-12-14,2
GM,Germany,quantile,0.65,3531.4,2020-12-26,2020-12-14,2 wk ahead inc death,EpiNow2_secondary,2020-12-14,2
GM,Germany,quantile,0.7,3635.9,2020-12-26,2020-12-14,2 wk ahead inc death,EpiNow2_secondary,2020-12-14,2
GM,Germany,quantile,0.75,3715.5,2020-12-26,2020-12-14,2 wk ahead inc death,EpiNow2_secondary,2020-12-14,2
GM,Germany,quantile,0.8,3841.8,2020-12-26,2020-12-14,2 wk ahead inc death,EpiNow2_secondary,2020-12-14,2
GM,Germany,quantile,0.85,3984,2020-12-26,2020-12-14,2 wk ahead inc death,EpiNow2_secondary,2020-12-14,2
GM,Germany,quantile,0.9,4145.1,2020-12-26,2020-12-14,2 wk ahead inc death,EpiNow2_secondary,2020-12-14,2
GM,Germany,quantile,0.95,4562.15,2020-12-26,2020-12-14,2 wk ahead inc death,EpiNow2_secondary,2020-12-14,2
GM,Germany,quantile,0.975,4931.25,2020-12-26,2020-12-14,2 wk ahead inc death,EpiNow2_secondary,2020-12-14,2
GM,Germany,quantile,0.99,5276.65,2020-12-26,2020-12-14,2 wk ahead inc death,EpiNow2_secondary,2020-12-14,2
GM,Germany,quantile,0.01,2481.84,2021-01-02,2020-12-14,3 wk ahead inc death,EpiNow2_secondary,2020-12-14,3
GM,Germany,quantile,0.025,2706.725,2021-01-02,2020-12-14,3 wk ahead inc death,EpiNow2_secondary,2020-12-14,3
GM,Germany,quantile,0.05,2872.65,2021-01-02,2020-12-14,3 wk ahead inc death,EpiNow2_secondary,2020-12-14,3
GM,Germany,quantile,0.1,3087.9,2021-01-02,2020-12-14,3 wk ahead inc death,EpiNow2_secondary,2020-12-14,3
GM,Germany,quantile,0.15,3277.85,2021-01-02,2020-12-14,3 wk ahead inc death,EpiNow2_secondary,2020-12-14,3
GM,Germany,quantile,0.2,3474.2,2021-01-02,2020-12-14,3 wk ahead inc death,EpiNow2_secondary,2020-12-14,3
GM,Germany,quantile,0.25,3605.25,2021-01-02,2020-12-14,3 wk ahead inc death,EpiNow2_secondary,2020-12-14,3
GM,Germany,quantile,0.3,3771.1,2021-01-02,2020-12-14,3 wk ahead inc death,EpiNow2_secondary,2020-12-14,3
GM,Germany,quantile,0.35,3894.65,2021-01-02,2020-12-14,3 wk ahead inc death,EpiNow2_secondary,2020-12-14,3
GM,Germany,quantile,0.4,4005.4,2021-01-02,2020-12-14,3 wk ahead inc death,EpiNow2_secondary,2020-12-14,3
GM,Germany,quantile,0.45,4132.55,2021-01-02,2020-12-14,3 wk ahead inc death,EpiNow2_secondary,2020-12-14,3
GM,Germany,quantile,0.5,4267,2021-01-02,2020-12-14,3 wk ahead inc death,EpiNow2_secondary,2020-12-14,3
GM,Germany,quantile,0.55,4416.45,2021-01-02,2020-12-14,3 wk ahead inc death,EpiNow2_secondary,2020-12-14,3
GM,Germany,quantile,0.6,4559.6,2021-01-02,2020-12-14,3 wk ahead inc death,EpiNow2_secondary,2020-12-14,3
GM,Germany,quantile,0.65,4749.35,2021-01-02,2020-12-14,3 wk ahead inc death,EpiNow2_secondary,2020-12-14,3
GM,Germany,quantile,0.7,4940.1,2021-01-02,2020-12-14,3 wk ahead inc death,EpiNow2_secondary,2020-12-14,3
GM,Germany,quantile,0.75,5157,2021-01-02,2020-12-14,3 wk ahead inc death,EpiNow2_secondary,2020-12-14,3
GM,Germany,quantile,0.8,5397.2,2021-01-02,2020-12-14,3 wk ahead inc death,EpiNow2_secondary,2020-12-14,3
GM,Germany,quantile,0.85,5709.3,2021-01-02,2020-12-14,3 wk ahead inc death,EpiNow2_secondary,2020-12-14,3
GM,Germany,quantile,0.9,6169.4,2021-01-02,2020-12-14,3 wk ahead inc death,EpiNow2_secondary,2020-12-14,3
GM,Germany,quantile,0.95,7039.1,2021-01-02,2020-12-14,3 wk ahead inc death,EpiNow2_secondary,2020-12-14,3
GM,Germany,quantile,0.975,8078.225,2021-01-02,2020-12-14,3 wk ahead inc death,EpiNow2_secondary,2020-12-14,3
GM,Germany,quantile,0.99,9227.02,2021-01-02,2020-12-14,3 wk ahead inc death,EpiNow2_secondary,2020-12-14,3
GM,Germany,quantile,0.01,2604.82,2021-01-09,2020-12-14,4 wk ahead inc death,EpiNow2_secondary,2020-12-14,4
GM,Germany,quantile,0.025,2872.55,2021-01-09,2020-12-14,4 wk ahead inc death,EpiNow2_secondary,2020-12-14,4
GM,Germany,quantile,0.05,3220.9,2021-01-09,2020-12-14,4 wk ahead inc death,EpiNow2_secondary,2020-12-14,4
GM,Germany,quantile,0.1,3606.7,2021-01-09,2020-12-14,4 wk ahead inc death,EpiNow2_secondary,2020-12-14,4
GM,Germany,quantile,0.15,3850,2021-01-09,2020-12-14,4 wk ahead inc death,EpiNow2_secondary,2020-12-14,4
GM,Germany,quantile,0.2,4129,2021-01-09,2020-12-14,4 wk ahead inc death,EpiNow2_secondary,2020-12-14,4
GM,Germany,quantile,0.25,4282.75,2021-01-09,2020-12-14,4 wk ahead inc death,EpiNow2_secondary,2020-12-14,4
GM,Germany,quantile,0.3,4472.4,2021-01-09,2020-12-14,4 wk ahead inc death,EpiNow2_secondary,2020-12-14,4
GM,Germany,quantile,0.35,4708.6,2021-01-09,2020-12-14,4 wk ahead inc death,EpiNow2_secondary,2020-12-14,4
GM,Germany,quantile,0.4,4963.6,2021-01-09,2020-12-14,4 wk ahead inc death,EpiNow2_secondary,2020-12-14,4
GM,Germany,quantile,0.45,5248.1,2021-01-09,2020-12-14,4 wk ahead inc death,EpiNow2_secondary,2020-12-14,4
GM,Germany,quantile,0.5,5493,2021-01-09,2020-12-14,4 wk ahead inc death,EpiNow2_secondary,2020-12-14,4
GM,Germany,quantile,0.55,5888.8,2021-01-09,2020-12-14,4 wk ahead inc death,EpiNow2_secondary,2020-12-14,4
GM,Germany,quantile,0.6,6320.4,2021-01-09,2020-12-14,4 wk ahead inc death,EpiNow2_secondary,2020-12-14,4
GM,Germany,quantile,0.65,6642.35,2021-01-09,2020-12-14,4 wk ahead inc death,EpiNow2_secondary,2020-12-14,4
GM,Germany,quantile,0.7,6996.5,2021-01-09,2020-12-14,4 wk ahead inc death,EpiNow2_secondary,2020-12-14,4
GM,Germany,quantile,0.75,7411,2021-01-09,2020-12-14,4 wk ahead inc death,EpiNow2_secondary,2020-12-14,4
GM,Germany,quantile,0.8,7984.6,2021-01-09,2020-12-14,4 wk ahead inc death,EpiNow2_secondary,2020-12-14,4
GM,Germany,quantile,0.85,8913.15,2021-01-09,2020-12-14,4 wk ahead inc death,EpiNow2_secondary,2020-12-14,4
GM,Germany,quantile,0.9,9865.5,2021-01-09,2020-12-14,4 wk ahead inc death,EpiNow2_secondary,2020-12-14,4
GM,Germany,quantile,0.95,12261.05,2021-01-09,2020-12-14,4 wk ahead inc death,EpiNow2_secondary,2020-12-14,4
GM,Germany,quantile,0.975,14202.225,2021-01-09,2020-12-14,4 wk ahead inc death,EpiNow2_secondary,2020-12-14,4
GM,Germany,quantile,0.99,17007.86,2021-01-09,2020-12-14,4 wk ahead inc death,EpiNow2_secondary,2020-12-14,4
PL,Poland,quantile,0.01,1848.95,2020-12-19,2020-12-14,1 wk ahead inc death,EpiNow2_secondary,2020-12-14,1
PL,Poland,quantile,0.025,1918.95,2020-12-19,2020-12-14,1 wk ahead inc death,EpiNow2_secondary,2020-12-14,1
PL,Poland,quantile,0.05,1959,2020-12-19,2020-12-14,1 wk ahead inc death,EpiNow2_secondary,2020-12-14,1
PL,Poland,quantile,0.1,2004.9,2020-12-19,2020-12-14,1 wk ahead inc death,EpiNow2_secondary,2020-12-14,1
PL,Poland,quantile,0.15,2031.85,2020-12-19,2020-12-14,1 wk ahead inc death,EpiNow2_secondary,2020-12-14,1
PL,Poland,quantile,0.2,2054,2020-12-19,2020-12-14,1 wk ahead inc death,EpiNow2_secondary,2020-12-14,1
PL,Poland,quantile,0.25,2080.75,2020-12-19,2020-12-14,1 wk ahead inc death,EpiNow2_secondary,2020-12-14,1
PL,Poland,quantile,0.3,2104.7,2020-12-19,2020-12-14,1 wk ahead inc death,EpiNow2_secondary,2020-12-14,1
PL,Poland,quantile,0.35,2118.65,2020-12-19,2020-12-14,1 wk ahead inc death,EpiNow2_secondary,2020-12-14,1
PL,Poland,quantile,0.4,2136.6,2020-12-19,2020-12-14,1 wk ahead inc death,EpiNow2_secondary,2020-12-14,1
PL,Poland,quantile,0.45,2153.55,2020-12-19,2020-12-14,1 wk ahead inc death,EpiNow2_secondary,2020-12-14,1
PL,Poland,quantile,0.5,2168,2020-12-19,2020-12-14,1 wk ahead inc death,EpiNow2_secondary,2020-12-14,1
PL,Poland,quantile,0.55,2187.45,2020-12-19,2020-12-14,1 wk ahead inc death,EpiNow2_secondary,2020-12-14,1
PL,Poland,quantile,0.6,2204.4,2020-12-19,2020-12-14,1 wk ahead inc death,EpiNow2_secondary,2020-12-14,1
PL,Poland,quantile,0.65,2224.35,2020-12-19,2020-12-14,1 wk ahead inc death,EpiNow2_secondary,2020-12-14,1
PL,Poland,quantile,0.7,2244,2020-12-19,2020-12-14,1 wk ahead inc death,EpiNow2_secondary,2020-12-14,1
PL,Poland,quantile,0.75,2269.25,2020-12-19,2020-12-14,1 wk ahead inc death,EpiNow2_secondary,2020-12-14,1
PL,Poland,quantile,0.8,2296.2,2020-12-19,2020-12-14,1 wk ahead inc death,EpiNow2_secondary,2020-12-14,1
PL,Poland,quantile,0.85,2331.45,2020-12-19,2020-12-14,1 wk ahead inc death,EpiNow2_secondary,2020-12-14,1
PL,Poland,quantile,0.9,2381.1,2020-12-19,2020-12-14,1 wk ahead inc death,EpiNow2_secondary,2020-12-14,1
PL,Poland,quantile,0.95,2442.05,2020-12-19,2020-12-14,1 wk ahead inc death,EpiNow2_secondary,2020-12-14,1
PL,Poland,quantile,0.975,2495.05,2020-12-19,2020-12-14,1 wk ahead inc death,EpiNow2_secondary,2020-12-14,1
PL,Poland,quantile,0.99,2563.09,2020-12-19,2020-12-14,1 wk ahead inc death,EpiNow2_secondary,2020-12-14,1
PL,Poland,quantile,0.01,1410.91,2020-12-26,2020-12-14,2 wk ahead inc death,EpiNow2_secondary,2020-12-14,2
PL,Poland,quantile,0.025,1449.975,2020-12-26,2020-12-14,2 wk ahead inc death,EpiNow2_secondary,2020-12-14,2
PL,Poland,quantile,0.05,1508.95,2020-12-26,2020-12-14,2 wk ahead inc death,EpiNow2_secondary,2020-12-14,2
PL,Poland,quantile,0.1,1568.9,2020-12-26,2020-12-14,2 wk ahead inc death,EpiNow2_secondary,2020-12-14,2
PL,Poland,quantile,0.15,1602.7,2020-12-26,2020-12-14,2 wk ahead inc death,EpiNow2_secondary,2020-12-14,2
PL,Poland,quantile,0.2,1629,2020-12-26,2020-12-14,2 wk ahead inc death,EpiNow2_secondary,2020-12-14,2
PL,Poland,quantile,0.25,1653,2020-12-26,2020-12-14,2 wk ahead inc death,EpiNow2_secondary,2020-12-14,2
PL,Poland,quantile,0.3,1670,2020-12-26,2020-12-14,2 wk ahead inc death,EpiNow2_secondary,2020-12-14,2
PL,Poland,quantile,0.35,1693,2020-12-26,2020-12-14,2 wk ahead inc death,EpiNow2_secondary,2020-12-14,2
PL,Poland,quantile,0.4,1716,2020-12-26,2020-12-14,2 wk ahead inc death,EpiNow2_secondary,2020-12-14,2
PL,Poland,quantile,0.45,1733,2020-12-26,2020-12-14,2 wk ahead inc death,EpiNow2_secondary,2020-12-14,2
PL,Poland,quantile,0.5,1752,2020-12-26,2020-12-14,2 wk ahead inc death,EpiNow2_secondary,2020-12-14,2
PL,Poland,quantile,0.55,1777.45,2020-12-26,2020-12-14,2 wk ahead inc death,EpiNow2_secondary,2020-12-14,2
PL,Poland,quantile,0.6,1801.4,2020-12-26,2020-12-14,2 wk ahead inc death,EpiNow2_secondary,2020-12-14,2
PL,Poland,quantile,0.65,1827,2020-12-26,2020-12-14,2 wk ahead inc death,EpiNow2_secondary,2020-12-14,2
PL,Poland,quantile,0.7,1848,2020-12-26,2020-12-14,2 wk ahead inc death,EpiNow2_secondary,2020-12-14,2
PL,Poland,quantile,0.75,1878.25,2020-12-26,2020-12-14,2 wk ahead inc death,EpiNow2_secondary,2020-12-14,2
PL,Poland,quantile,0.8,1911.4,2020-12-26,2020-12-14,2 wk ahead inc death,EpiNow2_secondary,2020-12-14,2
PL,Poland,quantile,0.85,1951.15,2020-12-26,2020-12-14,2 wk ahead inc death,EpiNow2_secondary,2020-12-14,2
PL,Poland,quantile,0.9,2020.2,2020-12-26,2020-12-14,2 wk ahead inc death,EpiNow2_secondary,2020-12-14,2
PL,Poland,quantile,0.95,2130.05,2020-12-26,2020-12-14,2 wk ahead inc death,EpiNow2_secondary,2020-12-14,2
PL,Poland,quantile,0.975,2241.475,2020-12-26,2020-12-14,2 wk ahead inc death,EpiNow2_secondary,2020-12-14,2
PL,Poland,quantile,0.99,2450.22,2020-12-26,2020-12-14,2 wk ahead inc death,EpiNow2_secondary,2020-12-14,2
PL,Poland,quantile,0.01,1052.99,2021-01-02,2020-12-14,3 wk ahead inc death,EpiNow2_secondary,2020-12-14,3
PL,Poland,quantile,0.025,1108.95,2021-01-02,2020-12-14,3 wk ahead inc death,EpiNow2_secondary,2020-12-14,3
PL,Poland,quantile,0.05,1168.9,2021-01-02,2020-12-14,3 wk ahead inc death,EpiNow2_secondary,2020-12-14,3
PL,Poland,quantile,0.1,1259.6,2021-01-02,2020-12-14,3 wk ahead inc death,EpiNow2_secondary,2020-12-14,3
PL,Poland,quantile,0.15,1333.85,2021-01-02,2020-12-14,3 wk ahead inc death,EpiNow2_secondary,2020-12-14,3
PL,Poland,quantile,0.2,1382,2021-01-02,2020-12-14,3 wk ahead inc death,EpiNow2_secondary,2020-12-14,3
PL,Poland,quantile,0.25,1419,2021-01-02,2020-12-14,3 wk ahead inc death,EpiNow2_secondary,2020-12-14,3
PL,Poland,quantile,0.3,1453,2021-01-02,2020-12-14,3 wk ahead inc death,EpiNow2_secondary,2020-12-14,3
PL,Poland,quantile,0.35,1510,2021-01-02,2020-12-14,3 wk ahead inc death,EpiNow2_secondary,2020-12-14,3
PL,Poland,quantile,0.4,1564,2021-01-02,2020-12-14,3 wk ahead inc death,EpiNow2_secondary,2020-12-14,3
PL,Poland,quantile,0.45,1598.1,2021-01-02,2020-12-14,3 wk ahead inc death,EpiNow2_secondary,2020-12-14,3
PL,Poland,quantile,0.5,1654.5,2021-01-02,2020-12-14,3 wk ahead inc death,EpiNow2_secondary,2020-12-14,3
PL,Poland,quantile,0.55,1714.45,2021-01-02,2020-12-14,3 wk ahead inc death,EpiNow2_secondary,2020-12-14,3
PL,Poland,quantile,0.6,1777.4,2021-01-02,2020-12-14,3 wk ahead inc death,EpiNow2_secondary,2020-12-14,3
PL,Poland,quantile,0.65,1843.35,2021-01-02,2020-12-14,3 wk ahead inc death,EpiNow2_secondary,2020-12-14,3
PL,Poland,quantile,0.7,1926.9,2021-01-02,2020-12-14,3 wk ahead inc death,EpiNow2_secondary,2020-12-14,3
PL,Poland,quantile,0.75,2030.25,2021-01-02,2020-12-14,3 wk ahead inc death,EpiNow2_secondary,2020-12-14,3
PL,Poland,quantile,0.8,2134.4,2021-01-02,2020-12-14,3 wk ahead inc death,EpiNow2_secondary,2020-12-14,3
PL,Poland,quantile,0.85,2291,2021-01-02,2020-12-14,3 wk ahead inc death,EpiNow2_secondary,2020-12-14,3
PL,Poland,quantile,0.9,2567.5,2021-01-02,2020-12-14,3 wk ahead inc death,EpiNow2_secondary,2020-12-14,3
PL,Poland,quantile,0.95,3006.25,2021-01-02,2020-12-14,3 wk ahead inc death,EpiNow2_secondary,2020-12-14,3
PL,Poland,quantile,0.975,3506.3,2021-01-02,2020-12-14,3 wk ahead inc death,EpiNow2_secondary,2020-12-14,3
PL,Poland,quantile,0.99,4503.58,2021-01-02,2020-12-14,3 wk ahead inc death,EpiNow2_secondary,2020-12-14,3
PL,Poland,quantile,0.01,720.75,2021-01-09,2020-12-14,4 wk ahead inc death,EpiNow2_secondary,2020-12-14,4
PL,Poland,quantile,0.025,800,2021-01-09,2020-12-14,4 wk ahead inc death,EpiNow2_secondary,2020-12-14,4
PL,Poland,quantile,0.05,881,2021-01-09,2020-12-14,4 wk ahead inc death,EpiNow2_secondary,2020-12-14,4
PL,Poland,quantile,0.1,1002,2021-01-09,2020-12-14,4 wk ahead inc death,EpiNow2_secondary,2020-12-14,4
PL,Poland,quantile,0.15,1112.4,2021-01-09,2020-12-14,4 wk ahead inc death,EpiNow2_secondary,2020-12-14,4
PL,Poland,quantile,0.2,1188.6,2021-01-09,2020-12-14,4 wk ahead inc death,EpiNow2_secondary,2020-12-14,4
PL,Poland,quantile,0.25,1257.75,2021-01-09,2020-12-14,4 wk ahead inc death,EpiNow2_secondary,2020-12-14,4
PL,Poland,quantile,0.3,1326.1,2021-01-09,2020-12-14,4 wk ahead inc death,EpiNow2_secondary,2020-12-14,4
PL,Poland,quantile,0.35,1400,2021-01-09,2020-12-14,4 wk ahead inc death,EpiNow2_secondary,2020-12-14,4
PL,Poland,quantile,0.4,1499.6,2021-01-09,2020-12-14,4 wk ahead inc death,EpiNow2_secondary,2020-12-14,4
PL,Poland,quantile,0.45,1584.2,2021-01-09,2020-12-14,4 wk ahead inc death,EpiNow2_secondary,2020-12-14,4
PL,Poland,quantile,0.5,1693.5,2021-01-09,2020-12-14,4 wk ahead inc death,EpiNow2_secondary,2020-12-14,4
PL,Poland,quantile,0.55,1828.35,2021-01-09,2020-12-14,4 wk ahead inc death,EpiNow2_secondary,2020-12-14,4
PL,Poland,quantile,0.6,1928.8,2021-01-09,2020-12-14,4 wk ahead inc death,EpiNow2_secondary,2020-12-14,4
PL,Poland,quantile,0.65,2104,2021-01-09,2020-12-14,4 wk ahead inc death,EpiNow2_secondary,2020-12-14,4
PL,Poland,quantile,0.7,2273.9,2021-01-09,2020-12-14,4 wk ahead inc death,EpiNow2_secondary,2020-12-14,4
PL,Poland,quantile,0.75,2527.25,2021-01-09,2020-12-14,4 wk ahead inc death,EpiNow2_secondary,2020-12-14,4
PL,Poland,quantile,0.8,2817.6,2021-01-09,2020-12-14,4 wk ahead inc death,EpiNow2_secondary,2020-12-14,4
PL,Poland,quantile,0.85,3336.45,2021-01-09,2020-12-14,4 wk ahead inc death,EpiNow2_secondary,2020-12-14,4
PL,Poland,quantile,0.9,3943,2021-01-09,2020-12-14,4 wk ahead inc death,EpiNow2_secondary,2020-12-14,4
PL,Poland,quantile,0.95,5502.35,2021-01-09,2020-12-14,4 wk ahead inc death,EpiNow2_secondary,2020-12-14,4
PL,Poland,quantile,0.975,7455.825,2021-01-09,2020-12-14,4 wk ahead inc death,EpiNow2_secondary,2020-12-14,4
PL,Poland,quantile,0.99,10606.27,2021-01-09,2020-12-14,4 wk ahead inc death,EpiNow2_secondary,2020-12-14,4
GM,Germany,quantile,0.01,3173.86,2020-12-26,2020-12-21,1 wk ahead inc death,EpiNow2_secondary,2020-12-21,1
GM,Germany,quantile,0.025,3354.875,2020-12-26,2020-12-21,1 wk ahead inc death,EpiNow2_secondary,2020-12-21,1
GM,Germany,quantile,0.05,3449.95,2020-12-26,2020-12-21,1 wk ahead inc death,EpiNow2_secondary,2020-12-21,1
GM,Germany,quantile,0.1,3598.6,2020-12-26,2020-12-21,1 wk ahead inc death,EpiNow2_secondary,2020-12-21,1
GM,Germany,quantile,0.15,3704.85,2020-12-26,2020-12-21,1 wk ahead inc death,EpiNow2_secondary,2020-12-21,1
GM,Germany,quantile,0.2,3801.8,2020-12-26,2020-12-21,1 wk ahead inc death,EpiNow2_secondary,2020-12-21,1
GM,Germany,quantile,0.25,3865.5,2020-12-26,2020-12-21,1 wk ahead inc death,EpiNow2_secondary,2020-12-21,1
GM,Germany,quantile,0.3,3918,2020-12-26,2020-12-21,1 wk ahead inc death,EpiNow2_secondary,2020-12-21,1
GM,Germany,quantile,0.35,3978.65,2020-12-26,2020-12-21,1 wk ahead inc death,EpiNow2_secondary,2020-12-21,1
GM,Germany,quantile,0.4,4037.6,2020-12-26,2020-12-21,1 wk ahead inc death,EpiNow2_secondary,2020-12-21,1
GM,Germany,quantile,0.45,4088.55,2020-12-26,2020-12-21,1 wk ahead inc death,EpiNow2_secondary,2020-12-21,1
GM,Germany,quantile,0.5,4144,2020-12-26,2020-12-21,1 wk ahead inc death,EpiNow2_secondary,2020-12-21,1
GM,Germany,quantile,0.55,4196,2020-12-26,2020-12-21,1 wk ahead inc death,EpiNow2_secondary,2020-12-21,1
GM,Germany,quantile,0.6,4250,2020-12-26,2020-12-21,1 wk ahead inc death,EpiNow2_secondary,2020-12-21,1
GM,Germany,quantile,0.65,4318,2020-12-26,2020-12-21,1 wk ahead inc death,EpiNow2_secondary,2020-12-21,1
GM,Germany,quantile,0.7,4385.6,2020-12-26,2020-12-21,1 wk ahead inc death,EpiNow2_secondary,2020-12-21,1
GM,Germany,quantile,0.75,4471,2020-12-26,2020-12-21,1 wk ahead inc death,EpiNow2_secondary,2020-12-21,1
GM,Germany,quantile,0.8,4541.8,2020-12-26,2020-12-21,1 wk ahead inc death,EpiNow2_secondary,2020-12-21,1
GM,Germany,quantile,0.85,4648.45,2020-12-26,2020-12-21,1 wk ahead inc death,EpiNow2_secondary,2020-12-21,1
GM,Germany,quantile,0.9,4779.6,2020-12-26,2020-12-21,1 wk ahead inc death,EpiNow2_secondary,2020-12-21,1
GM,Germany,quantile,0.95,5046.35,2020-12-26,2020-12-21,1 wk ahead inc death,EpiNow2_secondary,2020-12-21,1
GM,Germany,quantile,0.975,5295.15,2020-12-26,2020-12-21,1 wk ahead inc death,EpiNow2_secondary,2020-12-21,1
GM,Germany,quantile,0.99,5623.7,2020-12-26,2020-12-21,1 wk ahead inc death,EpiNow2_secondary,2020-12-21,1
GM,Germany,quantile,0.01,3550.72,2021-01-02,2020-12-21,2 wk ahead inc death,EpiNow2_secondary,2020-12-21,2
GM,Germany,quantile,0.025,3698.95,2021-01-02,2020-12-21,2 wk ahead inc death,EpiNow2_secondary,2020-12-21,2
GM,Germany,quantile,0.05,3849.8,2021-01-02,2020-12-21,2 wk ahead inc death,EpiNow2_secondary,2020-12-21,2
GM,Germany,quantile,0.1,4001.8,2021-01-02,2020-12-21,2 wk ahead inc death,EpiNow2_secondary,2020-12-21,2
GM,Germany,quantile,0.15,4116.7,2021-01-02,2020-12-21,2 wk ahead inc death,EpiNow2_secondary,2020-12-21,2
GM,Germany,quantile,0.2,4238,2021-01-02,2020-12-21,2 wk ahead inc death,EpiNow2_secondary,2020-12-21,2
GM,Germany,quantile,0.25,4329.75,2021-01-02,2020-12-21,2 wk ahead inc death,EpiNow2_secondary,2020-12-21,2
GM,Germany,quantile,0.3,4419.7,2021-01-02,2020-12-21,2 wk ahead inc death,EpiNow2_secondary,2020-12-21,2
GM,Germany,quantile,0.35,4494.6,2021-01-02,2020-12-21,2 wk ahead inc death,EpiNow2_secondary,2020-12-21,2
GM,Germany,quantile,0.4,4571,2021-01-02,2020-12-21,2 wk ahead inc death,EpiNow2_secondary,2020-12-21,2
GM,Germany,quantile,0.45,4633,2021-01-02,2020-12-21,2 wk ahead inc death,EpiNow2_secondary,2020-12-21,2
GM,Germany,quantile,0.5,4705,2021-01-02,2020-12-21,2 wk ahead inc death,EpiNow2_secondary,2020-12-21,2
GM,Germany,quantile,0.55,4777.45,2021-01-02,2020-12-21,2 wk ahead inc death,EpiNow2_secondary,2020-12-21,2
GM,Germany,quantile,0.6,4846.8,2021-01-02,2020-12-21,2 wk ahead inc death,EpiNow2_secondary,2020-12-21,2
GM,Germany,quantile,0.65,4941.35,2021-01-02,2020-12-21,2 wk ahead inc death,EpiNow2_secondary,2020-12-21,2
GM,Germany,quantile,0.7,5043.6,2021-01-02,2020-12-21,2 wk ahead inc death,EpiNow2_secondary,2020-12-21,2
GM,Germany,quantile,0.75,5128.25,2021-01-02,2020-12-21,2 wk ahead inc death,EpiNow2_secondary,2020-12-21,2
GM,Germany,quantile,0.8,5245.2,2021-01-02,2020-12-21,2 wk ahead inc death,EpiNow2_secondary,2020-12-21,2
GM,Germany,quantile,0.85,5397,2021-01-02,2020-12-21,2 wk ahead inc death,EpiNow2_secondary,2020-12-21,2
GM,Germany,quantile,0.9,5583.2,2021-01-02,2020-12-21,2 wk ahead inc death,EpiNow2_secondary,2020-12-21,2
GM,Germany,quantile,0.95,5857.25,2021-01-02,2020-12-21,2 wk ahead inc death,EpiNow2_secondary,2020-12-21,2
GM,Germany,quantile,0.975,6302.425,2021-01-02,2020-12-21,2 wk ahead inc death,EpiNow2_secondary,2020-12-21,2
GM,Germany,quantile,0.99,6594.17,2021-01-02,2020-12-21,2 wk ahead inc death,EpiNow2_secondary,2020-12-21,2
GM,Germany,quantile,0.01,3212.99,2021-01-09,2020-12-21,3 wk ahead inc death,EpiNow2_secondary,2020-12-21,3
GM,Germany,quantile,0.025,3471.575,2021-01-09,2020-12-21,3 wk ahead inc death,EpiNow2_secondary,2020-12-21,3
GM,Germany,quantile,0.05,3709.4,2021-01-09,2020-12-21,3 wk ahead inc death,EpiNow2_secondary,2020-12-21,3
GM,Germany,quantile,0.1,3999.2,2021-01-09,2020-12-21,3 wk ahead inc death,EpiNow2_secondary,2020-12-21,3
GM,Germany,quantile,0.15,4259,2021-01-09,2020-12-21,3 wk ahead inc death,EpiNow2_secondary,2020-12-21,3
GM,Germany,quantile,0.2,4431,2021-01-09,2020-12-21,3 wk ahead inc death,EpiNow2_secondary,2020-12-21,3
GM,Germany,quantile,0.25,4613,2021-01-09,2020-12-21,3 wk ahead inc death,EpiNow2_secondary,2020-12-21,3
GM,Germany,quantile,0.3,4759.1,2021-01-09,2020-12-21,3 wk ahead inc death,EpiNow2_secondary,2020-12-21,3
GM,Germany,quantile,0.35,4900.3,2021-01-09,2020-12-21,3 wk ahead inc death,EpiNow2_secondary,2020-12-21,3
GM,Germany,quantile,0.4,5015.2,2021-01-09,2020-12-21,3 wk ahead inc death,EpiNow2_secondary,2020-12-21,3
GM,Germany,quantile,0.45,5147,2021-01-09,2020-12-21,3 wk ahead inc death,EpiNow2_secondary,2020-12-21,3
GM,Germany,quantile,0.5,5278,2021-01-09,2020-12-21,3 wk ahead inc death,EpiNow2_secondary,2020-12-21,3
GM,Germany,quantile,0.55,5419.9,2021-01-09,2020-12-21,3 wk ahead inc death,EpiNow2_secondary,2020-12-21,3
GM,Germany,quantile,0.6,5552,2021-01-09,2020-12-21,3 wk ahead inc death,EpiNow2_secondary,2020-12-21,3
GM,Germany,quantile,0.65,5720.7,2021-01-09,2020-12-21,3 wk ahead inc death,EpiNow2_secondary,2020-12-21,3
GM,Germany,quantile,0.7,5892,2021-01-09,2020-12-21,3 wk ahead inc death,EpiNow2_secondary,2020-12-21,3
GM,Germany,quantile,0.75,6071.5,2021-01-09,2020-12-21,3 wk ahead inc death,EpiNow2_secondary,2020-12-21,3
GM,Germany,quantile,0.8,6294.2,2021-01-09,2020-12-21,3 wk ahead inc death,EpiNow2_secondary,2020-12-21,3
GM,Germany,quantile,0.85,6577.45,2021-01-09,2020-12-21,3 wk ahead inc death,EpiNow2_secondary,2020-12-21,3
GM,Germany,quantile,0.9,6945.2,2021-01-09,2020-12-21,3 wk ahead inc death,EpiNow2_secondary,2020-12-21,3
GM,Germany,quantile,0.95,7702.15,2021-01-09,2020-12-21,3 wk ahead inc death,EpiNow2_secondary,2020-12-21,3
GM,Germany,quantile,0.975,8370.675,2021-01-09,2020-12-21,3 wk ahead inc death,EpiNow2_secondary,2020-12-21,3
GM,Germany,quantile,0.99,9269.44,2021-01-09,2020-12-21,3 wk ahead inc death,EpiNow2_secondary,2020-12-21,3
GM,Germany,quantile,0.01,2591.08,2021-01-16,2020-12-21,4 wk ahead inc death,EpiNow2_secondary,2020-12-21,4
GM,Germany,quantile,0.025,2890.925,2021-01-16,2020-12-21,4 wk ahead inc death,EpiNow2_secondary,2020-12-21,4
GM,Germany,quantile,0.05,3272.55,2021-01-16,2020-12-21,4 wk ahead inc death,EpiNow2_secondary,2020-12-21,4
GM,Germany,quantile,0.1,3770.8,2021-01-16,2020-12-21,4 wk ahead inc death,EpiNow2_secondary,2020-12-21,4
GM,Germany,quantile,0.15,4080.2,2021-01-16,2020-12-21,4 wk ahead inc death,EpiNow2_secondary,2020-12-21,4
GM,Germany,quantile,0.2,4429.8,2021-01-16,2020-12-21,4 wk ahead inc death,EpiNow2_secondary,2020-12-21,4
GM,Germany,quantile,0.25,4670.75,2021-01-16,2020-12-21,4 wk ahead inc death,EpiNow2_secondary,2020-12-21,4
GM,Germany,quantile,0.3,4921.1,2021-01-16,2020-12-21,4 wk ahead inc death,EpiNow2_secondary,2020-12-21,4
GM,Germany,quantile,0.35,5131.95,2021-01-16,2020-12-21,4 wk ahead inc death,EpiNow2_secondary,2020-12-21,4
GM,Germany,quantile,0.4,5363.6,2021-01-16,2020-12-21,4 wk ahead inc death,EpiNow2_secondary,2020-12-21,4
GM,Germany,quantile,0.45,5581.75,2021-01-16,2020-12-21,4 wk ahead inc death,EpiNow2_secondary,2020-12-21,4
GM,Germany,quantile,0.5,5758.5,2021-01-16,2020-12-21,4 wk ahead inc death,EpiNow2_secondary,2020-12-21,4
GM,Germany,quantile,0.55,5956.15,2021-01-16,2020-12-21,4 wk ahead inc death,EpiNow2_secondary,2020-12-21,4
GM,Germany,quantile,0.6,6159.2,2021-01-16,2020-12-21,4 wk ahead inc death,EpiNow2_secondary,2020-12-21,4
GM,Germany,quantile,0.65,6410.75,2021-01-16,2020-12-21,4 wk ahead inc death,EpiNow2_secondary,2020-12-21,4
GM,Germany,quantile,0.7,6756,2021-01-16,2020-12-21,4 wk ahead inc death,EpiNow2_secondary,2020-12-21,4
GM,Germany,quantile,0.75,7142.5,2021-01-16,2020-12-21,4 wk ahead inc death,EpiNow2_secondary,2020-12-21,4
GM,Germany,quantile,0.8,7588.6,2021-01-16,2020-12-21,4 wk ahead inc death,EpiNow2_secondary,2020-12-21,4
GM,Germany,quantile,0.85,8084.10000000001,2021-01-16,2020-12-21,4 wk ahead inc death,EpiNow2_secondary,2020-12-21,4
GM,Germany,quantile,0.9,8942.3,2021-01-16,2020-12-21,4 wk ahead inc death,EpiNow2_secondary,2020-12-21,4
GM,Germany,quantile,0.95,10302.95,2021-01-16,2020-12-21,4 wk ahead inc death,EpiNow2_secondary,2020-12-21,4
GM,Germany,quantile,0.975,12035.9,2021-01-16,2020-12-21,4 wk ahead inc death,EpiNow2_secondary,2020-12-21,4
GM,Germany,quantile,0.99,14540.16,2021-01-16,2020-12-21,4 wk ahead inc death,EpiNow2_secondary,2020-12-21,4
PL,Poland,quantile,0.01,1643.82,2020-12-26,2020-12-21,1 wk ahead inc death,EpiNow2_secondary,2020-12-21,1
PL,Poland,quantile,0.025,1706,2020-12-26,2020-12-21,1 wk ahead inc death,EpiNow2_secondary,2020-12-21,1
PL,Poland,quantile,0.05,1773,2020-12-26,2020-12-21,1 wk ahead inc death,EpiNow2_secondary,2020-12-21,1
PL,Poland,quantile,0.1,1826.7,2020-12-26,2020-12-21,1 wk ahead inc death,EpiNow2_secondary,2020-12-21,1
PL,Poland,quantile,0.15,1857,2020-12-26,2020-12-21,1 wk ahead inc death,EpiNow2_secondary,2020-12-21,1
PL,Poland,quantile,0.2,1889,2020-12-26,2020-12-21,1 wk ahead inc death,EpiNow2_secondary,2020-12-21,1
PL,Poland,quantile,0.25,1917.5,2020-12-26,2020-12-21,1 wk ahead inc death,EpiNow2_secondary,2020-12-21,1
PL,Poland,quantile,0.3,1943,2020-12-26,2020-12-21,1 wk ahead inc death,EpiNow2_secondary,2020-12-21,1
PL,Poland,quantile,0.35,1967.65,2020-12-26,2020-12-21,1 wk ahead inc death,EpiNow2_secondary,2020-12-21,1
PL,Poland,quantile,0.4,1992.6,2020-12-26,2020-12-21,1 wk ahead inc death,EpiNow2_secondary,2020-12-21,1
PL,Poland,quantile,0.45,2011,2020-12-26,2020-12-21,1 wk ahead inc death,EpiNow2_secondary,2020-12-21,1
PL,Poland,quantile,0.5,2034,2020-12-26,2020-12-21,1 wk ahead inc death,EpiNow2_secondary,2020-12-21,1
PL,Poland,quantile,0.55,2051.45,2020-12-26,2020-12-21,1 wk ahead inc death,EpiNow2_secondary,2020-12-21,1
PL,Poland,quantile,0.6,2071.4,2020-12-26,2020-12-21,1 wk ahead inc death,EpiNow2_secondary,2020-12-21,1
PL,Poland,quantile,0.65,2095.35,2020-12-26,2020-12-21,1 wk ahead inc death,EpiNow2_secondary,2020-12-21,1
PL,Poland,quantile,0.7,2121.3,2020-12-26,2020-12-21,1 wk ahead inc death,EpiNow2_secondary,2020-12-21,1
PL,Poland,quantile,0.75,2145,2020-12-26,2020-12-21,1 wk ahead inc death,EpiNow2_secondary,2020-12-21,1
PL,Poland,quantile,0.8,2178,2020-12-26,2020-12-21,1 wk ahead inc death,EpiNow2_secondary,2020-12-21,1
PL,Poland,quantile,0.85,2210.15,2020-12-26,2020-12-21,1 wk ahead inc death,EpiNow2_secondary,2020-12-21,1
PL,Poland,quantile,0.9,2256.1,2020-12-26,2020-12-21,1 wk ahead inc death,EpiNow2_secondary,2020-12-21,1
PL,Poland,quantile,0.95,2336,2020-12-26,2020-12-21,1 wk ahead inc death,EpiNow2_secondary,2020-12-21,1
PL,Poland,quantile,0.975,2412.025,2020-12-26,2020-12-21,1 wk ahead inc death,EpiNow2_secondary,2020-12-21,1
PL,Poland,quantile,0.99,2507.38,2020-12-26,2020-12-21,1 wk ahead inc death,EpiNow2_secondary,2020-12-21,1
PL,Poland,quantile,0.01,1326.97,2021-01-02,2020-12-21,2 wk ahead inc death,EpiNow2_secondary,2020-12-21,2
PL,Poland,quantile,0.025,1394.925,2021-01-02,2020-12-21,2 wk ahead inc death,EpiNow2_secondary,2020-12-21,2
PL,Poland,quantile,0.05,1440.9,2021-01-02,2020-12-21,2 wk ahead inc death,EpiNow2_secondary,2020-12-21,2
PL,Poland,quantile,0.1,1516,2021-01-02,2020-12-21,2 wk ahead inc death,EpiNow2_secondary,2020-12-21,2
PL,Poland,quantile,0.15,1561,2021-01-02,2020-12-21,2 wk ahead inc death,EpiNow2_secondary,2020-12-21,2
PL,Poland,quantile,0.2,1589,2021-01-02,2020-12-21,2 wk ahead inc death,EpiNow2_secondary,2020-12-21,2
PL,Poland,quantile,0.25,1616.75,2021-01-02,2020-12-21,2 wk ahead inc death,EpiNow2_secondary,2020-12-21,2
PL,Poland,quantile,0.3,1642.7,2021-01-02,2020-12-21,2 wk ahead inc death,EpiNow2_secondary,2020-12-21,2
PL,Poland,quantile,0.35,1664,2021-01-02,2020-12-21,2 wk ahead inc death,EpiNow2_secondary,2020-12-21,2
PL,Poland,quantile,0.4,1686.6,2021-01-02,2020-12-21,2 wk ahead inc death,EpiNow2_secondary,2020-12-21,2
PL,Poland,quantile,0.45,1711,2021-01-02,2020-12-21,2 wk ahead inc death,EpiNow2_secondary,2020-12-21,2
PL,Poland,quantile,0.5,1737,2021-01-02,2020-12-21,2 wk ahead inc death,EpiNow2_secondary,2020-12-21,2
PL,Poland,quantile,0.55,1767.9,2021-01-02,2020-12-21,2 wk ahead inc death,EpiNow2_secondary,2020-12-21,2
PL,Poland,quantile,0.6,1790.4,2021-01-02,2020-12-21,2 wk ahead inc death,EpiNow2_secondary,2020-12-21,2
PL,Poland,quantile,0.65,1819.7,2021-01-02,2020-12-21,2 wk ahead inc death,EpiNow2_secondary,2020-12-21,2
PL,Poland,quantile,0.7,1853,2021-01-02,2020-12-21,2 wk ahead inc death,EpiNow2_secondary,2020-12-21,2
PL,Poland,quantile,0.75,1886.5,2021-01-02,2020-12-21,2 wk ahead inc death,EpiNow2_secondary,2020-12-21,2
PL,Poland,quantile,0.8,1925.2,2021-01-02,2020-12-21,2 wk ahead inc death,EpiNow2_secondary,2020-12-21,2
PL,Poland,quantile,0.85,1990.15,2021-01-02,2020-12-21,2 wk ahead inc death,EpiNow2_secondary,2020-12-21,2
PL,Poland,quantile,0.9,2067,2021-01-02,2020-12-21,2 wk ahead inc death,EpiNow2_secondary,2020-12-21,2
PL,Poland,quantile,0.95,2191.05,2021-01-02,2020-12-21,2 wk ahead inc death,EpiNow2_secondary,2020-12-21,2
PL,Poland,quantile,0.975,2329.05,2021-01-02,2020-12-21,2 wk ahead inc death,EpiNow2_secondary,2020-12-21,2
PL,Poland,quantile,0.99,2457.02,2021-01-02,2020-12-21,2 wk ahead inc death,EpiNow2_secondary,2020-12-21,2
PL,Poland,quantile,0.01,996.94,2021-01-09,2020-12-21,3 wk ahead inc death,EpiNow2_secondary,2020-12-21,3
PL,Poland,quantile,0.025,1102.975,2021-01-09,2020-12-21,3 wk ahead inc death,EpiNow2_secondary,2020-12-21,3
PL,Poland,quantile,0.05,1171.95,2021-01-09,2020-12-21,3 wk ahead inc death,EpiNow2_secondary,2020-12-21,3
PL,Poland,quantile,0.1,1267.8,2021-01-09,2020-12-21,3 wk ahead inc death,EpiNow2_secondary,2020-12-21,3
PL,Poland,quantile,0.15,1332,2021-01-09,2020-12-21,3 wk ahead inc death,EpiNow2_secondary,2020-12-21,3
PL,Poland,quantile,0.2,1379.6,2021-01-09,2020-12-21,3 wk ahead inc death,EpiNow2_secondary,2020-12-21,3
PL,Poland,quantile,0.25,1418.75,2021-01-09,2020-12-21,3 wk ahead inc death,EpiNow2_secondary,2020-12-21,3
PL,Poland,quantile,0.3,1464,2021-01-09,2020-12-21,3 wk ahead inc death,EpiNow2_secondary,2020-12-21,3
PL,Poland,quantile,0.35,1500,2021-01-09,2020-12-21,3 wk ahead inc death,EpiNow2_secondary,2020-12-21,3
PL,Poland,quantile,0.4,1533.6,2021-01-09,2020-12-21,3 wk ahead inc death,EpiNow2_secondary,2020-12-21,3
PL,Poland,quantile,0.45,1571.55,2021-01-09,2020-12-21,3 wk ahead inc death,EpiNow2_secondary,2020-12-21,3
PL,Poland,quantile,0.5,1616.5,2021-01-09,2020-12-21,3 wk ahead inc death,EpiNow2_secondary,2020-12-21,3
PL,Poland,quantile,0.55,1652.9,2021-01-09,2020-12-21,3 wk ahead inc death,EpiNow2_secondary,2020-12-21,3
PL,Poland,quantile,0.6,1695.8,2021-01-09,2020-12-21,3 wk ahead inc death,EpiNow2_secondary,2020-12-21,3
PL,Poland,quantile,0.65,1750,2021-01-09,2020-12-21,3 wk ahead inc death,EpiNow2_secondary,2020-12-21,3
PL,Poland,quantile,0.7,1805.3,2021-01-09,2020-12-21,3 wk ahead inc death,EpiNow2_secondary,2020-12-21,3
PL,Poland,quantile,0.75,1874.75,2021-01-09,2020-12-21,3 wk ahead inc death,EpiNow2_secondary,2020-12-21,3
PL,Poland,quantile,0.8,1960,2021-01-09,2020-12-21,3 wk ahead inc death,EpiNow2_secondary,2020-12-21,3
PL,Poland,quantile,0.85,2113.6,2021-01-09,2020-12-21,3 wk ahead inc death,EpiNow2_secondary,2020-12-21,3
PL,Poland,quantile,0.9,2251.2,2021-01-09,2020-12-21,3 wk ahead inc death,EpiNow2_secondary,2020-12-21,3
PL,Poland,quantile,0.95,2465.8,2021-01-09,2020-12-21,3 wk ahead inc death,EpiNow2_secondary,2020-12-21,3
PL,Poland,quantile,0.975,2779.025,2021-01-09,2020-12-21,3 wk ahead inc death,EpiNow2_secondary,2020-12-21,3
PL,Poland,quantile,0.99,3158.33,2021-01-09,2020-12-21,3 wk ahead inc death,EpiNow2_secondary,2020-12-21,3
PL,Poland,quantile,0.01,627.99,2021-01-16,2020-12-21,4 wk ahead inc death,EpiNow2_secondary,2020-12-21,4
PL,Poland,quantile,0.025,748.825,2021-01-16,2020-12-21,4 wk ahead inc death,EpiNow2_secondary,2020-12-21,4
PL,Poland,quantile,0.05,843.9,2021-01-16,2020-12-21,4 wk ahead inc death,EpiNow2_secondary,2020-12-21,4
PL,Poland,quantile,0.1,952.9,2021-01-16,2020-12-21,4 wk ahead inc death,EpiNow2_secondary,2020-12-21,4
PL,Poland,quantile,0.15,1059.85,2021-01-16,2020-12-21,4 wk ahead inc death,EpiNow2_secondary,2020-12-21,4
PL,Poland,quantile,0.2,1135.6,2021-01-16,2020-12-21,4 wk ahead inc death,EpiNow2_secondary,2020-12-21,4
PL,Poland,quantile,0.25,1197.25,2021-01-16,2020-12-21,4 wk ahead inc death,EpiNow2_secondary,2020-12-21,4
PL,Poland,quantile,0.3,1254.7,2021-01-16,2020-12-21,4 wk ahead inc death,EpiNow2_secondary,2020-12-21,4
PL,Poland,quantile,0.35,1309.3,2021-01-16,2020-12-21,4 wk ahead inc death,EpiNow2_secondary,2020-12-21,4
PL,Poland,quantile,0.4,1369.6,2021-01-16,2020-12-21,4 wk ahead inc death,EpiNow2_secondary,2020-12-21,4
PL,Poland,quantile,0.45,1433.55,2021-01-16,2020-12-21,4 wk ahead inc death,EpiNow2_secondary,2020-12-21,4
PL,Poland,quantile,0.5,1506.5,2021-01-16,2020-12-21,4 wk ahead inc death,EpiNow2_secondary,2020-12-21,4
PL,Poland,quantile,0.55,1599.25,2021-01-16,2020-12-21,4 wk ahead inc death,EpiNow2_secondary,2020-12-21,4
PL,Poland,quantile,0.6,1672,2021-01-16,2020-12-21,4 wk ahead inc death,EpiNow2_secondary,2020-12-21,4
PL,Poland,quantile,0.65,1767.7,2021-01-16,2020-12-21,4 wk ahead inc death,EpiNow2_secondary,2020-12-21,4
PL,Poland,quantile,0.7,1900.3,2021-01-16,2020-12-21,4 wk ahead inc death,EpiNow2_secondary,2020-12-21,4
PL,Poland,quantile,0.75,1991.25,2021-01-16,2020-12-21,4 wk ahead inc death,EpiNow2_secondary,2020-12-21,4
PL,Poland,quantile,0.8,2145.2,2021-01-16,2020-12-21,4 wk ahead inc death,EpiNow2_secondary,2020-12-21,4
PL,Poland,quantile,0.85,2376.45,2021-01-16,2020-12-21,4 wk ahead inc death,EpiNow2_secondary,2020-12-21,4
PL,Poland,quantile,0.9,2670.6,2021-01-16,2020-12-21,4 wk ahead inc death,EpiNow2_secondary,2020-12-21,4
PL,Poland,quantile,0.95,3323.05,2021-01-16,2020-12-21,4 wk ahead inc death,EpiNow2_secondary,2020-12-21,4
PL,Poland,quantile,0.975,3967.075,2021-01-16,2020-12-21,4 wk ahead inc death,EpiNow2_secondary,2020-12-21,4
PL,Poland,quantile,0.99,4878.15,2021-01-16,2020-12-21,4 wk ahead inc death,EpiNow2_secondary,2020-12-21,4
GM,Germany,quantile,0.01,2585.56,2021-01-02,2020-12-28,1 wk ahead inc death,EpiNow2_secondary,2020-12-28,1
GM,Germany,quantile,0.025,2826.8,2021-01-02,2020-12-28,1 wk ahead inc death,EpiNow2_secondary,2020-12-28,1
GM,Germany,quantile,0.05,2983.9,2021-01-02,2020-12-28,1 wk ahead inc death,EpiNow2_secondary,2020-12-28,1
GM,Germany,quantile,0.1,3203.8,2021-01-02,2020-12-28,1 wk ahead inc death,EpiNow2_secondary,2020-12-28,1
GM,Germany,quantile,0.15,3395.7,2021-01-02,2020-12-28,1 wk ahead inc death,EpiNow2_secondary,2020-12-28,1
GM,Germany,quantile,0.2,3504.6,2021-01-02,2020-12-28,1 wk ahead inc death,EpiNow2_secondary,2020-12-28,1
GM,Germany,quantile,0.25,3625.75,2021-01-02,2020-12-28,1 wk ahead inc death,EpiNow2_secondary,2020-12-28,1
GM,Germany,quantile,0.3,3719.6,2021-01-02,2020-12-28,1 wk ahead inc death,EpiNow2_secondary,2020-12-28,1
GM,Germany,quantile,0.35,3797,2021-01-02,2020-12-28,1 wk ahead inc death,EpiNow2_secondary,2020-12-28,1
GM,Germany,quantile,0.4,3900,2021-01-02,2020-12-28,1 wk ahead inc death,EpiNow2_secondary,2020-12-28,1
GM,Germany,quantile,0.45,3999.1,2021-01-02,2020-12-28,1 wk ahead inc death,EpiNow2_secondary,2020-12-28,1
GM,Germany,quantile,0.5,4077.5,2021-01-02,2020-12-28,1 wk ahead inc death,EpiNow2_secondary,2020-12-28,1
GM,Germany,quantile,0.55,4206.45,2021-01-02,2020-12-28,1 wk ahead inc death,EpiNow2_secondary,2020-12-28,1
GM,Germany,quantile,0.6,4318.6,2021-01-02,2020-12-28,1 wk ahead inc death,EpiNow2_secondary,2020-12-28,1
GM,Germany,quantile,0.65,4440.05,2021-01-02,2020-12-28,1 wk ahead inc death,EpiNow2_secondary,2020-12-28,1
GM,Germany,quantile,0.7,4551.1,2021-01-02,2020-12-28,1 wk ahead inc death,EpiNow2_secondary,2020-12-28,1
GM,Germany,quantile,0.75,4678,2021-01-02,2020-12-28,1 wk ahead inc death,EpiNow2_secondary,2020-12-28,1
GM,Germany,quantile,0.8,4833.8,2021-01-02,2020-12-28,1 wk ahead inc death,EpiNow2_secondary,2020-12-28,1
GM,Germany,quantile,0.85,5025.15,2021-01-02,2020-12-28,1 wk ahead inc death,EpiNow2_secondary,2020-12-28,1
GM,Germany,quantile,0.9,5277.1,2021-01-02,2020-12-28,1 wk ahead inc death,EpiNow2_secondary,2020-12-28,1
GM,Germany,quantile,0.95,5635.9,2021-01-02,2020-12-28,1 wk ahead inc death,EpiNow2_secondary,2020-12-28,1
GM,Germany,quantile,0.975,6158.4,2021-01-02,2020-12-28,1 wk ahead inc death,EpiNow2_secondary,2020-12-28,1
GM,Germany,quantile,0.99,6738.01,2021-01-02,2020-12-28,1 wk ahead inc death,EpiNow2_secondary,2020-12-28,1
GM,Germany,quantile,0.01,1246.97,2021-01-09,2020-12-28,2 wk ahead inc death,EpiNow2_secondary,2020-12-28,2
GM,Germany,quantile,0.025,1450.4,2021-01-09,2020-12-28,2 wk ahead inc death,EpiNow2_secondary,2020-12-28,2
GM,Germany,quantile,0.05,1686.95,2021-01-09,2020-12-28,2 wk ahead inc death,EpiNow2_secondary,2020-12-28,2
GM,Germany,quantile,0.1,1937.6,2021-01-09,2020-12-28,2 wk ahead inc death,EpiNow2_secondary,2020-12-28,2
GM,Germany,quantile,0.15,2089.7,2021-01-09,2020-12-28,2 wk ahead inc death,EpiNow2_secondary,2020-12-28,2
GM,Germany,quantile,0.2,2227,2021-01-09,2020-12-28,2 wk ahead inc death,EpiNow2_secondary,2020-12-28,2
GM,Germany,quantile,0.25,2352,2021-01-09,2020-12-28,2 wk ahead inc death,EpiNow2_secondary,2020-12-28,2
GM,Germany,quantile,0.3,2517.4,2021-01-09,2020-12-28,2 wk ahead inc death,EpiNow2_secondary,2020-12-28,2
GM,Germany,quantile,0.35,2660.25,2021-01-09,2020-12-28,2 wk ahead inc death,EpiNow2_secondary,2020-12-28,2
GM,Germany,quantile,0.4,2787.8,2021-01-09,2020-12-28,2 wk ahead inc death,EpiNow2_secondary,2020-12-28,2
GM,Germany,quantile,0.45,2898.2,2021-01-09,2020-12-28,2 wk ahead inc death,EpiNow2_secondary,2020-12-28,2
GM,Germany,quantile,0.5,3009.5,2021-01-09,2020-12-28,2 wk ahead inc death,EpiNow2_secondary,2020-12-28,2
GM,Germany,quantile,0.55,3142.45,2021-01-09,2020-12-28,2 wk ahead inc death,EpiNow2_secondary,2020-12-28,2
GM,Germany,quantile,0.6,3284,2021-01-09,2020-12-28,2 wk ahead inc death,EpiNow2_secondary,2020-12-28,2
GM,Germany,quantile,0.65,3417.35,2021-01-09,2020-12-28,2 wk ahead inc death,EpiNow2_secondary,2020-12-28,2
GM,Germany,quantile,0.7,3603.5,2021-01-09,2020-12-28,2 wk ahead inc death,EpiNow2_secondary,2020-12-28,2
GM,Germany,quantile,0.75,3840,2021-01-09,2020-12-28,2 wk ahead inc death,EpiNow2_secondary,2020-12-28,2
GM,Germany,quantile,0.8,4072.4,2021-01-09,2020-12-28,2 wk ahead inc death,EpiNow2_secondary,2020-12-28,2
GM,Germany,quantile,0.85,4277.75,2021-01-09,2020-12-28,2 wk ahead inc death,EpiNow2_secondary,2020-12-28,2
GM,Germany,quantile,0.9,4640.1,2021-01-09,2020-12-28,2 wk ahead inc death,EpiNow2_secondary,2020-12-28,2
GM,Germany,quantile,0.95,5119.6,2021-01-09,2020-12-28,2 wk ahead inc death,EpiNow2_secondary,2020-12-28,2
GM,Germany,quantile,0.975,5790.85,2021-01-09,2020-12-28,2 wk ahead inc death,EpiNow2_secondary,2020-12-28,2
GM,Germany,quantile,0.99,6292.04,2021-01-09,2020-12-28,2 wk ahead inc death,EpiNow2_secondary,2020-12-28,2
GM,Germany,quantile,0.01,451.83,2021-01-16,2020-12-28,3 wk ahead inc death,EpiNow2_secondary,2020-12-28,3
GM,Germany,quantile,0.025,586.975,2021-01-16,2020-12-28,3 wk ahead inc death,EpiNow2_secondary,2020-12-28,3
GM,Germany,quantile,0.05,707.9,2021-01-16,2020-12-28,3 wk ahead inc death,EpiNow2_secondary,2020-12-28,3
GM,Germany,quantile,0.1,861.9,2021-01-16,2020-12-28,3 wk ahead inc death,EpiNow2_secondary,2020-12-28,3
GM,Germany,quantile,0.15,985.85,2021-01-16,2020-12-28,3 wk ahead inc death,EpiNow2_secondary,2020-12-28,3
GM,Germany,quantile,0.2,1116.8,2021-01-16,2020-12-28,3 wk ahead inc death,EpiNow2_secondary,2020-12-28,3
GM,Germany,quantile,0.25,1232.75,2021-01-16,2020-12-28,3 wk ahead inc death,EpiNow2_secondary,2020-12-28,3
GM,Germany,quantile,0.3,1354.7,2021-01-16,2020-12-28,3 wk ahead inc death,EpiNow2_secondary,2020-12-28,3
GM,Germany,quantile,0.35,1483.2,2021-01-16,2020-12-28,3 wk ahead inc death,EpiNow2_secondary,2020-12-28,3
GM,Germany,quantile,0.4,1607.6,2021-01-16,2020-12-28,3 wk ahead inc death,EpiNow2_secondary,2020-12-28,3
GM,Germany,quantile,0.45,1714.65,2021-01-16,2020-12-28,3 wk ahead inc death,EpiNow2_secondary,2020-12-28,3
GM,Germany,quantile,0.5,1844,2021-01-16,2020-12-28,3 wk ahead inc death,EpiNow2_secondary,2020-12-28,3
GM,Germany,quantile,0.55,1962.45,2021-01-16,2020-12-28,3 wk ahead inc death,EpiNow2_secondary,2020-12-28,3
GM,Germany,quantile,0.6,2107.6,2021-01-16,2020-12-28,3 wk ahead inc death,EpiNow2_secondary,2020-12-28,3
GM,Germany,quantile,0.65,2239.7,2021-01-16,2020-12-28,3 wk ahead inc death,EpiNow2_secondary,2020-12-28,3
GM,Germany,quantile,0.7,2417.2,2021-01-16,2020-12-28,3 wk ahead inc death,EpiNow2_secondary,2020-12-28,3
GM,Germany,quantile,0.75,2580,2021-01-16,2020-12-28,3 wk ahead inc death,EpiNow2_secondary,2020-12-28,3
GM,Germany,quantile,0.8,2827,2021-01-16,2020-12-28,3 wk ahead inc death,EpiNow2_secondary,2020-12-28,3
GM,Germany,quantile,0.85,3057.65,2021-01-16,2020-12-28,3 wk ahead inc death,EpiNow2_secondary,2020-12-28,3
GM,Germany,quantile,0.9,3344.9,2021-01-16,2020-12-28,3 wk ahead inc death,EpiNow2_secondary,2020-12-28,3
GM,Germany,quantile,0.95,4022.3,2021-01-16,2020-12-28,3 wk ahead inc death,EpiNow2_secondary,2020-12-28,3
GM,Germany,quantile,0.975,4655.2,2021-01-16,2020-12-28,3 wk ahead inc death,EpiNow2_secondary,2020-12-28,3
GM,Germany,quantile,0.99,5317.29,2021-01-16,2020-12-28,3 wk ahead inc death,EpiNow2_secondary,2020-12-28,3
GM,Germany,quantile,0.01,136,2021-01-23,2020-12-28,4 wk ahead inc death,EpiNow2_secondary,2020-12-28,4
GM,Germany,quantile,0.025,200,2021-01-23,2020-12-28,4 wk ahead inc death,EpiNow2_secondary,2020-12-28,4
GM,Germany,quantile,0.05,242.95,2021-01-23,2020-12-28,4 wk ahead inc death,EpiNow2_secondary,2020-12-28,4
GM,Germany,quantile,0.1,321.7,2021-01-23,2020-12-28,4 wk ahead inc death,EpiNow2_secondary,2020-12-28,4
GM,Germany,quantile,0.15,388.85,2021-01-23,2020-12-28,4 wk ahead inc death,EpiNow2_secondary,2020-12-28,4
GM,Germany,quantile,0.2,451.8,2021-01-23,2020-12-28,4 wk ahead inc death,EpiNow2_secondary,2020-12-28,4
GM,Germany,quantile,0.25,521.75,2021-01-23,2020-12-28,4 wk ahead inc death,EpiNow2_secondary,2020-12-28,4
GM,Germany,quantile,0.3,597.4,2021-01-23,2020-12-28,4 wk ahead inc death,EpiNow2_secondary,2020-12-28,4
GM,Germany,quantile,0.35,674.65,2021-01-23,2020-12-28,4 wk ahead inc death,EpiNow2_secondary,2020-12-28,4
GM,Germany,quantile,0.4,748.2,2021-01-23,2020-12-28,4 wk ahead inc death,EpiNow2_secondary,2020-12-28,4
GM,Germany,quantile,0.45,818.55,2021-01-23,2020-12-28,4 wk ahead inc death,EpiNow2_secondary,2020-12-28,4
GM,Germany,quantile,0.5,906,2021-01-23,2020-12-28,4 wk ahead inc death,EpiNow2_secondary,2020-12-28,4
GM,Germany,quantile,0.55,1022.25,2021-01-23,2020-12-28,4 wk ahead inc death,EpiNow2_secondary,2020-12-28,4
GM,Germany,quantile,0.6,1096,2021-01-23,2020-12-28,4 wk ahead inc death,EpiNow2_secondary,2020-12-28,4
GM,Germany,quantile,0.65,1202.35,2021-01-23,2020-12-28,4 wk ahead inc death,EpiNow2_secondary,2020-12-28,4
GM,Germany,quantile,0.7,1299,2021-01-23,2020-12-28,4 wk ahead inc death,EpiNow2_secondary,2020-12-28,4
GM,Germany,quantile,0.75,1432,2021-01-23,2020-12-28,4 wk ahead inc death,EpiNow2_secondary,2020-12-28,4
GM,Germany,quantile,0.8,1582.8,2021-01-23,2020-12-28,4 wk ahead inc death,EpiNow2_secondary,2020-12-28,4
GM,Germany,quantile,0.85,1815.3,2021-01-23,2020-12-28,4 wk ahead inc death,EpiNow2_secondary,2020-12-28,4
GM,Germany,quantile,0.9,2094.6,2021-01-23,2020-12-28,4 wk ahead inc death,EpiNow2_secondary,2020-12-28,4
GM,Germany,quantile,0.95,2548.25,2021-01-23,2020-12-28,4 wk ahead inc death,EpiNow2_secondary,2020-12-28,4
GM,Germany,quantile,0.975,2961.7,2021-01-23,2020-12-28,4 wk ahead inc death,EpiNow2_secondary,2020-12-28,4
GM,Germany,quantile,0.99,3480.87,2021-01-23,2020-12-28,4 wk ahead inc death,EpiNow2_secondary,2020-12-28,4
PL,Poland,quantile,0.01,817.95,2021-01-02,2020-12-28,1 wk ahead inc death,EpiNow2_secondary,2020-12-28,1
PL,Poland,quantile,0.025,879.775,2021-01-02,2020-12-28,1 wk ahead inc death,EpiNow2_secondary,2020-12-28,1
PL,Poland,quantile,0.05,973.75,2021-01-02,2020-12-28,1 wk ahead inc death,EpiNow2_secondary,2020-12-28,1
PL,Poland,quantile,0.1,1069,2021-01-02,2020-12-28,1 wk ahead inc death,EpiNow2_secondary,2020-12-28,1
PL,Poland,quantile,0.15,1118.85,2021-01-02,2020-12-28,1 wk ahead inc death,EpiNow2_secondary,2020-12-28,1
PL,Poland,quantile,0.2,1173.8,2021-01-02,2020-12-28,1 wk ahead inc death,EpiNow2_secondary,2020-12-28,1
PL,Poland,quantile,0.25,1223.25,2021-01-02,2020-12-28,1 wk ahead inc death,EpiNow2_secondary,2020-12-28,1
PL,Poland,quantile,0.3,1266.7,2021-01-02,2020-12-28,1 wk ahead inc death,EpiNow2_secondary,2020-12-28,1
PL,Poland,quantile,0.35,1307.65,2021-01-02,2020-12-28,1 wk ahead inc death,EpiNow2_secondary,2020-12-28,1
PL,Poland,quantile,0.4,1350.6,2021-01-02,2020-12-28,1 wk ahead inc death,EpiNow2_secondary,2020-12-28,1
PL,Poland,quantile,0.45,1389,2021-01-02,2020-12-28,1 wk ahead inc death,EpiNow2_secondary,2020-12-28,1
PL,Poland,quantile,0.5,1432,2021-01-02,2020-12-28,1 wk ahead inc death,EpiNow2_secondary,2020-12-28,1
PL,Poland,quantile,0.55,1476.45,2021-01-02,2020-12-28,1 wk ahead inc death,EpiNow2_secondary,2020-12-28,1
PL,Poland,quantile,0.6,1526.2,2021-01-02,2020-12-28,1 wk ahead inc death,EpiNow2_secondary,2020-12-28,1
PL,Poland,quantile,0.65,1580.05,2021-01-02,2020-12-28,1 wk ahead inc death,EpiNow2_secondary,2020-12-28,1
PL,Poland,quantile,0.7,1639.9,2021-01-02,2020-12-28,1 wk ahead inc death,EpiNow2_secondary,2020-12-28,1
PL,Poland,quantile,0.75,1697.25,2021-01-02,2020-12-28,1 wk ahead inc death,EpiNow2_secondary,2020-12-28,1
PL,Poland,quantile,0.8,1764.4,2021-01-02,2020-12-28,1 wk ahead inc death,EpiNow2_secondary,2020-12-28,1
PL,Poland,quantile,0.85,1842.15,2021-01-02,2020-12-28,1 wk ahead inc death,EpiNow2_secondary,2020-12-28,1
PL,Poland,quantile,0.9,1960.9,2021-01-02,2020-12-28,1 wk ahead inc death,EpiNow2_secondary,2020-12-28,1
PL,Poland,quantile,0.95,2146,2021-01-02,2020-12-28,1 wk ahead inc death,EpiNow2_secondary,2020-12-28,1
PL,Poland,quantile,0.975,2376.1,2021-01-02,2020-12-28,1 wk ahead inc death,EpiNow2_secondary,2020-12-28,1
PL,Poland,quantile,0.99,2598.8,2021-01-02,2020-12-28,1 wk ahead inc death,EpiNow2_secondary,2020-12-28,1
PL,Poland,quantile,0.01,726.93,2021-01-09,2020-12-28,2 wk ahead inc death,EpiNow2_secondary,2020-12-28,2
PL,Poland,quantile,0.025,817.925,2021-01-09,2020-12-28,2 wk ahead inc death,EpiNow2_secondary,2020-12-28,2
PL,Poland,quantile,0.05,907.85,2021-01-09,2020-12-28,2 wk ahead inc death,EpiNow2_secondary,2020-12-28,2
PL,Poland,quantile,0.1,1030.8,2021-01-09,2020-12-28,2 wk ahead inc death,EpiNow2_secondary,2020-12-28,2
PL,Poland,quantile,0.15,1100.7,2021-01-09,2020-12-28,2 wk ahead inc death,EpiNow2_secondary,2020-12-28,2
PL,Poland,quantile,0.2,1154,2021-01-09,2020-12-28,2 wk ahead inc death,EpiNow2_secondary,2020-12-28,2
PL,Poland,quantile,0.25,1196.5,2021-01-09,2020-12-28,2 wk ahead inc death,EpiNow2_secondary,2020-12-28,2
PL,Poland,quantile,0.3,1233.7,2021-01-09,2020-12-28,2 wk ahead inc death,EpiNow2_secondary,2020-12-28,2
PL,Poland,quantile,0.35,1275,2021-01-09,2020-12-28,2 wk ahead inc death,EpiNow2_secondary,2020-12-28,2
PL,Poland,quantile,0.4,1322,2021-01-09,2020-12-28,2 wk ahead inc death,EpiNow2_secondary,2020-12-28,2
PL,Poland,quantile,0.45,1355,2021-01-09,2020-12-28,2 wk ahead inc death,EpiNow2_secondary,2020-12-28,2
PL,Poland,quantile,0.5,1390.5,2021-01-09,2020-12-28,2 wk ahead inc death,EpiNow2_secondary,2020-12-28,2
PL,Poland,quantile,0.55,1424.45,2021-01-09,2020-12-28,2 wk ahead inc death,EpiNow2_secondary,2020-12-28,2
PL,Poland,quantile,0.6,1466,2021-01-09,2020-12-28,2 wk ahead inc death,EpiNow2_secondary,2020-12-28,2
PL,Poland,quantile,0.65,1521,2021-01-09,2020-12-28,2 wk ahead inc death,EpiNow2_secondary,2020-12-28,2
PL,Poland,quantile,0.7,1569,2021-01-09,2020-12-28,2 wk ahead inc death,EpiNow2_secondary,2020-12-28,2
PL,Poland,quantile,0.75,1637.5,2021-01-09,2020-12-28,2 wk ahead inc death,EpiNow2_secondary,2020-12-28,2
PL,Poland,quantile,0.8,1693.4,2021-01-09,2020-12-28,2 wk ahead inc death,EpiNow2_secondary,2020-12-28,2
PL,Poland,quantile,0.85,1774,2021-01-09,2020-12-28,2 wk ahead inc death,EpiNow2_secondary,2020-12-28,2
PL,Poland,quantile,0.9,1876.1,2021-01-09,2020-12-28,2 wk ahead inc death,EpiNow2_secondary,2020-12-28,2
PL,Poland,quantile,0.95,2059.15,2021-01-09,2020-12-28,2 wk ahead inc death,EpiNow2_secondary,2020-12-28,2
PL,Poland,quantile,0.975,2194.4,2021-01-09,2020-12-28,2 wk ahead inc death,EpiNow2_secondary,2020-12-28,2
PL,Poland,quantile,0.99,2356.02,2021-01-09,2020-12-28,2 wk ahead inc death,EpiNow2_secondary,2020-12-28,2
PL,Poland,quantile,0.01,355.95,2021-01-16,2020-12-28,3 wk ahead inc death,EpiNow2_secondary,2020-12-28,3
PL,Poland,quantile,0.025,439.975,2021-01-16,2020-12-28,3 wk ahead inc death,EpiNow2_secondary,2020-12-28,3
PL,Poland,quantile,0.05,537.85,2021-01-16,2020-12-28,3 wk ahead inc death,EpiNow2_secondary,2020-12-28,3
PL,Poland,quantile,0.1,647.7,2021-01-16,2020-12-28,3 wk ahead inc death,EpiNow2_secondary,2020-12-28,3
PL,Poland,quantile,0.15,716.55,2021-01-16,2020-12-28,3 wk ahead inc death,EpiNow2_secondary,2020-12-28,3
PL,Poland,quantile,0.2,778.8,2021-01-16,2020-12-28,3 wk ahead inc death,EpiNow2_secondary,2020-12-28,3
PL,Poland,quantile,0.25,826.5,2021-01-16,2020-12-28,3 wk ahead inc death,EpiNow2_secondary,2020-12-28,3
PL,Poland,quantile,0.3,859,2021-01-16,2020-12-28,3 wk ahead inc death,EpiNow2_secondary,2020-12-28,3
PL,Poland,quantile,0.35,903,2021-01-16,2020-12-28,3 wk ahead inc death,EpiNow2_secondary,2020-12-28,3
PL,Poland,quantile,0.4,945.6,2021-01-16,2020-12-28,3 wk ahead inc death,EpiNow2_secondary,2020-12-28,3
PL,Poland,quantile,0.45,981.55,2021-01-16,2020-12-28,3 wk ahead inc death,EpiNow2_secondary,2020-12-28,3
PL,Poland,quantile,0.5,1020.5,2021-01-16,2020-12-28,3 wk ahead inc death,EpiNow2_secondary,2020-12-28,3
PL,Poland,quantile,0.55,1063.35,2021-01-16,2020-12-28,3 wk ahead inc death,EpiNow2_secondary,2020-12-28,3
PL,Poland,quantile,0.6,1101.4,2021-01-16,2020-12-28,3 wk ahead inc death,EpiNow2_secondary,2020-12-28,3
PL,Poland,quantile,0.65,1138,2021-01-16,2020-12-28,3 wk ahead inc death,EpiNow2_secondary,2020-12-28,3
PL,Poland,quantile,0.7,1179.3,2021-01-16,2020-12-28,3 wk ahead inc death,EpiNow2_secondary,2020-12-28,3
PL,Poland,quantile,0.75,1226.25,2021-01-16,2020-12-28,3 wk ahead inc death,EpiNow2_secondary,2020-12-28,3
PL,Poland,quantile,0.8,1276.4,2021-01-16,2020-12-28,3 wk ahead inc death,EpiNow2_secondary,2020-12-28,3
PL,Poland,quantile,0.85,1343.45,2021-01-16,2020-12-28,3 wk ahead inc death,EpiNow2_secondary,2020-12-28,3
PL,Poland,quantile,0.9,1428,2021-01-16,2020-12-28,3 wk ahead inc death,EpiNow2_secondary,2020-12-28,3
PL,Poland,quantile,0.95,1553.1,2021-01-16,2020-12-28,3 wk ahead inc death,EpiNow2_secondary,2020-12-28,3
PL,Poland,quantile,0.975,1677.125,2021-01-16,2020-12-28,3 wk ahead inc death,EpiNow2_secondary,2020-12-28,3
PL,Poland,quantile,0.99,1794.14,2021-01-16,2020-12-28,3 wk ahead inc death,EpiNow2_secondary,2020-12-28,3
PL,Poland,quantile,0.01,120.99,2021-01-23,2020-12-28,4 wk ahead inc death,EpiNow2_secondary,2020-12-28,4
PL,Poland,quantile,0.025,172.95,2021-01-23,2020-12-28,4 wk ahead inc death,EpiNow2_secondary,2020-12-28,4
PL,Poland,quantile,0.05,231,2021-01-23,2020-12-28,4 wk ahead inc death,EpiNow2_secondary,2020-12-28,4
PL,Poland,quantile,0.1,310.7,2021-01-23,2020-12-28,4 wk ahead inc death,EpiNow2_secondary,2020-12-28,4
PL,Poland,quantile,0.15,370,2021-01-23,2020-12-28,4 wk ahead inc death,EpiNow2_secondary,2020-12-28,4
PL,Poland,quantile,0.2,405,2021-01-23,2020-12-28,4 wk ahead inc death,EpiNow2_secondary,2020-12-28,4
PL,Poland,quantile,0.25,444.5,2021-01-23,2020-12-28,4 wk ahead inc death,EpiNow2_secondary,2020-12-28,4
PL,Poland,quantile,0.3,485,2021-01-23,2020-12-28,4 wk ahead inc death,EpiNow2_secondary,2020-12-28,4
PL,Poland,quantile,0.35,514,2021-01-23,2020-12-28,4 wk ahead inc death,EpiNow2_secondary,2020-12-28,4
PL,Poland,quantile,0.4,551.6,2021-01-23,2020-12-28,4 wk ahead inc death,EpiNow2_secondary,2020-12-28,4
PL,Poland,quantile,0.45,594,2021-01-23,2020-12-28,4 wk ahead inc death,EpiNow2_secondary,2020-12-28,4
PL,Poland,quantile,0.5,631,2021-01-23,2020-12-28,4 wk ahead inc death,EpiNow2_secondary,2020-12-28,4
PL,Poland,quantile,0.55,663,2021-01-23,2020-12-28,4 wk ahead inc death,EpiNow2_secondary,2020-12-28,4
PL,Poland,quantile,0.6,695,2021-01-23,2020-12-28,4 wk ahead inc death,EpiNow2_secondary,2020-12-28,4
PL,Poland,quantile,0.65,744.7,2021-01-23,2020-12-28,4 wk ahead inc death,EpiNow2_secondary,2020-12-28,4
PL,Poland,quantile,0.7,777.3,2021-01-23,2020-12-28,4 wk ahead inc death,EpiNow2_secondary,2020-12-28,4
PL,Poland,quantile,0.75,813,2021-01-23,2020-12-28,4 wk ahead inc death,EpiNow2_secondary,2020-12-28,4
PL,Poland,quantile,0.8,870,2021-01-23,2020-12-28,4 wk ahead inc death,EpiNow2_secondary,2020-12-28,4
PL,Poland,quantile,0.85,929,2021-01-23,2020-12-28,4 wk ahead inc death,EpiNow2_secondary,2020-12-28,4
PL,Poland,quantile,0.9,1010.2,2021-01-23,2020-12-28,4 wk ahead inc death,EpiNow2_secondary,2020-12-28,4
PL,Poland,quantile,0.95,1134.3,2021-01-23,2020-12-28,4 wk ahead inc death,EpiNow2_secondary,2020-12-28,4
PL,Poland,quantile,0.975,1252.025,2021-01-23,2020-12-28,4 wk ahead inc death,EpiNow2_secondary,2020-12-28,4
PL,Poland,quantile,0.99,1454.29,2021-01-23,2020-12-28,4 wk ahead inc death,EpiNow2_secondary,2020-12-28,4
