region,date,confirm
Baden-Wurttemberg,2022-04-04,0
Baden-Wurttemberg,2022-04-05,46
Baden-Wurttemberg,2022-04-06,46
Baden-Wurttemberg,2022-04-07,62
Baden-Wurttemberg,2022-04-08,42
Baden-Wurttemberg,2022-04-09,31
Baden-Wurttemberg,2022-04-10,0
Baden-Wurttemberg,2022-04-11,0
Baden-Wurttemberg,2022-04-12,50
Baden-Wurttemberg,2022-04-13,37
Baden-Wurttemberg,2022-04-14,27
Baden-Wurttemberg,2022-04-15,30
Baden-Wurttemberg,2022-04-16,0
Baden-Wurttemberg,2022-04-17,0
Baden-Wurttemberg,2022-04-18,0
Baden-Wurttemberg,2022-04-19,0
Baden-Wurttemberg,2022-04-20,39
Baden-Wurttemberg,2022-04-21,40
Baden-Wurttemberg,2022-04-22,32
Baden-Wurttemberg,2022-04-23,21
Baden-Wurttemberg,2022-04-24,0
Baden-Wurttemberg,2022-04-25,0
Baden-Wurttemberg,2022-04-26,33
Baden-Wurttemberg,2022-04-27,28
Baden-Wurttemberg,2022-04-28,21
Baden-Wurttemberg,2022-04-29,21
Baden-Wurttemberg,2022-04-30,10
Baden-Wurttemberg,2022-05-01,0
Baden-Wurttemberg,2022-05-02,0
Baden-Wurttemberg,2022-05-03,29
Baden-Wurttemberg,2022-05-04,22
Baden-Wurttemberg,2022-05-05,18
Baden-Wurttemberg,2022-05-06,29
Baden-Wurttemberg,2022-05-07,16
Baden-Wurttemberg,2022-05-08,0
Baden-Wurttemberg,2022-05-09,0
Baden-Wurttemberg,2022-05-10,25
Baden-Wurttemberg,2022-05-11,25
Baden-Wurttemberg,2022-05-12,14
Baden-Wurttemberg,2022-05-13,15
Baden-Wurttemberg,2022-05-14,8
Baden-Wurttemberg,2022-05-15,0
Baden-Wurttemberg,2022-05-16,0
Baden-Wurttemberg,2022-05-17,14
Baden-Wurttemberg,2022-05-18,19
Baden-Wurttemberg,2022-05-19,6
Baden-Wurttemberg,2022-05-20,26
Baden-Wurttemberg,2022-05-21,11
Baden-Wurttemberg,2022-05-22,0
Baden-Wurttemberg,2022-05-23,0
Baden-Wurttemberg,2022-05-24,21
Baden-Wurttemberg,2022-05-25,25
Baden-Wurttemberg,2022-05-26,19
Baden-Wurttemberg,2022-05-27,0
Baden-Wurttemberg,2022-05-28,5
Baden-Wurttemberg,2022-05-29,0
Baden-Wurttemberg,2022-05-30,0
Baden-Wurttemberg,2022-05-31,9
Baden-Wurttemberg,2022-06-01,6
Baden-Wurttemberg,2022-06-02,11
Baden-Wurttemberg,2022-06-03,8
Baden-Wurttemberg,2022-06-04,7
Baden-Wurttemberg,2022-06-05,0
Baden-Wurttemberg,2022-06-06,0
Baden-Wurttemberg,2022-06-07,0
Baden-Wurttemberg,2022-06-08,18
Baden-Wurttemberg,2022-06-09,8
Baden-Wurttemberg,2022-06-10,11
Baden-Wurttemberg,2022-06-11,6
Baden-Wurttemberg,2022-06-12,0
Baden-Wurttemberg,2022-06-13,0
Baden-Wurttemberg,2022-06-14,11
Baden-Wurttemberg,2022-06-15,10
Baden-Wurttemberg,2022-06-16,10
Baden-Wurttemberg,2022-06-17,0
Baden-Wurttemberg,2022-06-18,6
Baden-Wurttemberg,2022-06-19,0
Baden-Wurttemberg,2022-06-20,0
Baden-Wurttemberg,2022-06-21,14
Baden-Wurttemberg,2022-06-22,9
Baden-Wurttemberg,2022-06-23,7
Baden-Wurttemberg,2022-06-24,8
Baden-Wurttemberg,2022-06-25,6
Baden-Wurttemberg,2022-06-26,0
Bavaria,2022-04-04,8
Bavaria,2022-04-05,49
Bavaria,2022-04-06,51
Bavaria,2022-04-07,55
Bavaria,2022-04-08,64
Bavaria,2022-04-09,62
Bavaria,2022-04-10,9
Bavaria,2022-04-11,6
Bavaria,2022-04-12,55
Bavaria,2022-04-13,53
Bavaria,2022-04-14,43
Bavaria,2022-04-15,24
Bavaria,2022-04-16,9
Bavaria,2022-04-17,2
Bavaria,2022-04-18,3
Bavaria,2022-04-19,5
Bavaria,2022-04-20,47
Bavaria,2022-04-21,43
Bavaria,2022-04-22,66
Bavaria,2022-04-23,37
Bavaria,2022-04-24,11
Bavaria,2022-04-25,3
Bavaria,2022-04-26,48
Bavaria,2022-04-27,61
Bavaria,2022-04-28,31
Bavaria,2022-04-29,31
Bavaria,2022-04-30,33
Bavaria,2022-05-01,0
Bavaria,2022-05-02,0
Bavaria,2022-05-03,43
Bavaria,2022-05-04,12
Bavaria,2022-05-05,19
Bavaria,2022-05-06,28
Bavaria,2022-05-07,24
Bavaria,2022-05-08,0
Bavaria,2022-05-09,0
Bavaria,2022-05-10,47
Bavaria,2022-05-11,40
Bavaria,2022-05-12,25
Bavaria,2022-05-13,31
Bavaria,2022-05-14,23
Bavaria,2022-05-15,0
Bavaria,2022-05-16,0
Bavaria,2022-05-17,33
Bavaria,2022-05-18,23
Bavaria,2022-05-19,14
Bavaria,2022-05-20,22
Bavaria,2022-05-21,13
Bavaria,2022-05-22,0
Bavaria,2022-05-23,0
Bavaria,2022-05-24,23
Bavaria,2022-05-25,15
Bavaria,2022-05-26,15
Bavaria,2022-05-27,0
Bavaria,2022-05-28,24
Bavaria,2022-05-29,0
Bavaria,2022-05-30,0
Bavaria,2022-05-31,35
Bavaria,2022-06-01,11
Bavaria,2022-06-02,10
Bavaria,2022-06-03,12
Bavaria,2022-06-04,10
Bavaria,2022-06-05,0
Bavaria,2022-06-06,0
Bavaria,2022-06-07,0
Bavaria,2022-06-08,21
Bavaria,2022-06-09,12
Bavaria,2022-06-10,23
Bavaria,2022-06-11,10
Bavaria,2022-06-12,0
Bavaria,2022-06-13,0
Bavaria,2022-06-14,15
Bavaria,2022-06-15,16
Bavaria,2022-06-16,12
Bavaria,2022-06-17,0
Bavaria,2022-06-18,12
Bavaria,2022-06-19,0
Bavaria,2022-06-20,0
Bavaria,2022-06-21,23
Bavaria,2022-06-22,25
Bavaria,2022-06-23,20
Bavaria,2022-06-24,23
Bavaria,2022-06-25,6
Bavaria,2022-06-26,0
Berlin,2022-04-04,0
Berlin,2022-04-05,6
Berlin,2022-04-06,4
Berlin,2022-04-07,6
Berlin,2022-04-08,4
Berlin,2022-04-09,1
Berlin,2022-04-10,0
Berlin,2022-04-11,0
Berlin,2022-04-12,5
Berlin,2022-04-13,9
Berlin,2022-04-14,1
Berlin,2022-04-15,5
Berlin,2022-04-16,0
Berlin,2022-04-17,0
Berlin,2022-04-18,0
Berlin,2022-04-19,0
Berlin,2022-04-20,16
Berlin,2022-04-21,9
Berlin,2022-04-22,3
Berlin,2022-04-23,3
Berlin,2022-04-24,0
Berlin,2022-04-25,0
Berlin,2022-04-26,3
Berlin,2022-04-27,2
Berlin,2022-04-28,15
Berlin,2022-04-29,2
Berlin,2022-04-30,5
Berlin,2022-05-01,2
Berlin,2022-05-02,0
Berlin,2022-05-03,2
Berlin,2022-05-04,6
Berlin,2022-05-05,8
Berlin,2022-05-06,6
Berlin,2022-05-07,3
Berlin,2022-05-08,0
Berlin,2022-05-09,0
Berlin,2022-05-10,13
Berlin,2022-05-11,3
Berlin,2022-05-12,8
Berlin,2022-05-13,8
Berlin,2022-05-14,12
Berlin,2022-05-15,0
Berlin,2022-05-16,0
Berlin,2022-05-17,0
Berlin,2022-05-18,6
Berlin,2022-05-19,12
Berlin,2022-05-20,0
Berlin,2022-05-21,4
Berlin,2022-05-22,0
Berlin,2022-05-23,0
Berlin,2022-05-24,26
Berlin,2022-05-25,2
Berlin,2022-05-26,2
Berlin,2022-05-27,0
Berlin,2022-05-28,2
Berlin,2022-05-29,0
Berlin,2022-05-30,0
Berlin,2022-05-31,2
Berlin,2022-06-01,1
Berlin,2022-06-02,3
Berlin,2022-06-03,1
Berlin,2022-06-04,1
Berlin,2022-06-05,0
Berlin,2022-06-06,0
Berlin,2022-06-07,0
Berlin,2022-06-08,3
Berlin,2022-06-09,3
Berlin,2022-06-10,4
Berlin,2022-06-11,2
Berlin,2022-06-12,0
Berlin,2022-06-13,0
Berlin,2022-06-14,2
Berlin,2022-06-15,0
Berlin,2022-06-16,1
Berlin,2022-06-17,2
Berlin,2022-06-18,1
Berlin,2022-06-19,0
Berlin,2022-06-20,0
Berlin,2022-06-21,0
Berlin,2022-06-22,0
Berlin,2022-06-23,3
Berlin,2022-06-24,1
Berlin,2022-06-25,0
Berlin,2022-06-26,0
Brandenburg,2022-04-04,0
Brandenburg,2022-04-05,14
Brandenburg,2022-04-06,7
Brandenburg,2022-04-07,10
Brandenburg,2022-04-08,1
Brandenburg,2022-04-09,5
Brandenburg,2022-04-10,0
Brandenburg,2022-04-11,0
Brandenburg,2022-04-12,8
Brandenburg,2022-04-13,3
Brandenburg,2022-04-14,8
Brandenburg,2022-04-15,3
Brandenburg,2022-04-16,0
Brandenburg,2022-04-17,0
Brandenburg,2022-04-18,0
Brandenburg,2022-04-19,0
Brandenburg,2022-04-20,7
Brandenburg,2022-04-21,16
Brandenburg,2022-04-22,9
Brandenburg,2022-04-23,8
Brandenburg,2022-04-24,0
Brandenburg,2022-04-25,0
Brandenburg,2022-04-26,3
Brandenburg,2022-04-27,11
Brandenburg,2022-04-28,6
Brandenburg,2022-04-29,5
Brandenburg,2022-04-30,3
Brandenburg,2022-05-01,0
Brandenburg,2022-05-02,0
Brandenburg,2022-05-03,4
Brandenburg,2022-05-04,4
Brandenburg,2022-05-05,5
Brandenburg,2022-05-06,4
Brandenburg,2022-05-07,15
Brandenburg,2022-05-08,0
Brandenburg,2022-05-09,0
Brandenburg,2022-05-10,4
Brandenburg,2022-05-11,9
Brandenburg,2022-05-12,13
Brandenburg,2022-05-13,4
Brandenburg,2022-05-14,3
Brandenburg,2022-05-15,0
Brandenburg,2022-05-16,0
Brandenburg,2022-05-17,6
Brandenburg,2022-05-18,2
Brandenburg,2022-05-19,3
Brandenburg,2022-05-20,8
Brandenburg,2022-05-21,6
Brandenburg,2022-05-22,0
Brandenburg,2022-05-23,0
Brandenburg,2022-05-24,5
Brandenburg,2022-05-25,6
Brandenburg,2022-05-26,2
Brandenburg,2022-05-27,0
Brandenburg,2022-05-28,0
Brandenburg,2022-05-29,0
Brandenburg,2022-05-30,0
Brandenburg,2022-05-31,2
Brandenburg,2022-06-01,6
Brandenburg,2022-06-02,3
Brandenburg,2022-06-03,0
Brandenburg,2022-06-04,1
Brandenburg,2022-06-05,0
Brandenburg,2022-06-06,0
Brandenburg,2022-06-07,0
Brandenburg,2022-06-08,8
Brandenburg,2022-06-09,1
Brandenburg,2022-06-10,5
Brandenburg,2022-06-11,1
Brandenburg,2022-06-12,0
Brandenburg,2022-06-13,0
Brandenburg,2022-06-14,3
Brandenburg,2022-06-15,3
Brandenburg,2022-06-16,2
Brandenburg,2022-06-17,2
Brandenburg,2022-06-18,4
Brandenburg,2022-06-19,0
Brandenburg,2022-06-20,0
Brandenburg,2022-06-21,1
Brandenburg,2022-06-22,1
Brandenburg,2022-06-23,1
Brandenburg,2022-06-24,3
Brandenburg,2022-06-25,2
Brandenburg,2022-06-26,0
Bremen,2022-04-04,0
Bremen,2022-04-05,6
Bremen,2022-04-06,2
Bremen,2022-04-07,0
Bremen,2022-04-08,0
Bremen,2022-04-09,2
Bremen,2022-04-10,0
Bremen,2022-04-11,0
Bremen,2022-04-12,2
Bremen,2022-04-13,3
Bremen,2022-04-14,3
Bremen,2022-04-15,1
Bremen,2022-04-16,0
Bremen,2022-04-17,0
Bremen,2022-04-18,0
Bremen,2022-04-19,0
Bremen,2022-04-20,2
Bremen,2022-04-21,2
Bremen,2022-04-22,2
Bremen,2022-04-23,2
Bremen,2022-04-24,0
Bremen,2022-04-25,0
Bremen,2022-04-26,3
Bremen,2022-04-27,0
Bremen,2022-04-28,0
Bremen,2022-04-29,3
Bremen,2022-04-30,4
Bremen,2022-05-01,0
Bremen,2022-05-02,0
Bremen,2022-05-03,6
Bremen,2022-05-04,1
Bremen,2022-05-05,2
Bremen,2022-05-06,2
Bremen,2022-05-07,1
Bremen,2022-05-08,0
Bremen,2022-05-09,0
Bremen,2022-05-10,1
Bremen,2022-05-11,0
Bremen,2022-05-12,0
Bremen,2022-05-13,0
Bremen,2022-05-14,1
Bremen,2022-05-15,0
Bremen,2022-05-16,0
Bremen,2022-05-17,3
Bremen,2022-05-18,1
Bremen,2022-05-19,1
Bremen,2022-05-20,0
Bremen,2022-05-21,0
Bremen,2022-05-22,0
Bremen,2022-05-23,0
Bremen,2022-05-24,1
Bremen,2022-05-25,0
Bremen,2022-05-26,1
Bremen,2022-05-27,0
Bremen,2022-05-28,0
Bremen,2022-05-29,0
Bremen,2022-05-30,0
Bremen,2022-05-31,0
Bremen,2022-06-01,1
Bremen,2022-06-02,0
Bremen,2022-06-03,1
Bremen,2022-06-04,2
Bremen,2022-06-05,0
Bremen,2022-06-06,0
Bremen,2022-06-07,0
Bremen,2022-06-08,2
Bremen,2022-06-09,0
Bremen,2022-06-10,0
Bremen,2022-06-11,0
Bremen,2022-06-12,0
Bremen,2022-06-13,0
Bremen,2022-06-14,2
Bremen,2022-06-15,0
Bremen,2022-06-16,0
Bremen,2022-06-17,0
Bremen,2022-06-18,0
Bremen,2022-06-19,0
Bremen,2022-06-20,0
Bremen,2022-06-21,2
Bremen,2022-06-22,1
Bremen,2022-06-23,0
Bremen,2022-06-24,0
Bremen,2022-06-25,1
Bremen,2022-06-26,0
Dolnośląskie,2022-04-04,0
Dolnośląskie,2022-04-05,0
Dolnośląskie,2022-04-06,2
Dolnośląskie,2022-04-07,5
Dolnośląskie,2022-04-08,4
Dolnośląskie,2022-04-09,3
Dolnośląskie,2022-04-10,0
Dolnośląskie,2022-04-11,0
Dolnośląskie,2022-04-12,0
Dolnośląskie,2022-04-13,1
Dolnośląskie,2022-04-14,3
Dolnośląskie,2022-04-15,3
Dolnośląskie,2022-04-16,2
Dolnośląskie,2022-04-17,2
Dolnośląskie,2022-04-18,0
Dolnośląskie,2022-04-19,0
Dolnośląskie,2022-04-20,0
Dolnośląskie,2022-04-21,3
Dolnośląskie,2022-04-22,2
Dolnośląskie,2022-04-23,2
Dolnośląskie,2022-04-24,2
Dolnośląskie,2022-04-25,0
Dolnośląskie,2022-04-26,0
Dolnośląskie,2022-04-27,4
Dolnośląskie,2022-04-28,4
Dolnośląskie,2022-04-29,1
Dolnośląskie,2022-04-30,3
Dolnośląskie,2022-05-01,3
Dolnośląskie,2022-05-02,0
Dolnośląskie,2022-05-03,0
Dolnośląskie,2022-05-04,0
Dolnośląskie,2022-05-05,0
Dolnośląskie,2022-05-06,5
Dolnośląskie,2022-05-07,1
Dolnośląskie,2022-05-08,0
Dolnośląskie,2022-05-09,0
Dolnośląskie,2022-05-10,0
Dolnośląskie,2022-05-11,1
Dolnośląskie,2022-05-12,2
Dolnośląskie,2022-05-13,1
Dolnośląskie,2022-05-14,3
Dolnośląskie,2022-05-15,0
Dolnośląskie,2022-05-16,0
Dolnośląskie,2022-05-17,0
Dolnośląskie,2022-05-18,0
Dolnośląskie,2022-05-19,2
Dolnośląskie,2022-05-20,2
Dolnośląskie,2022-05-21,0
Dolnośląskie,2022-05-22,0
Dolnośląskie,2022-05-23,0
Dolnośląskie,2022-05-24,0
Dolnośląskie,2022-05-25,1
Dolnośląskie,2022-05-26,1
Dolnośląskie,2022-05-27,1
Dolnośląskie,2022-05-28,2
Dolnośląskie,2022-05-29,0
Dolnośląskie,2022-05-30,0
Dolnośląskie,2022-05-31,0
Dolnośląskie,2022-06-01,0
Dolnośląskie,2022-06-02,0
Dolnośląskie,2022-06-03,2
Dolnośląskie,2022-06-04,0
Dolnośląskie,2022-06-05,0
Dolnośląskie,2022-06-06,0
Dolnośląskie,2022-06-07,0
Dolnośląskie,2022-06-08,0
Dolnośląskie,2022-06-09,0
Dolnośląskie,2022-06-10,1
Dolnośląskie,2022-06-11,0
Dolnośląskie,2022-06-12,0
Dolnośląskie,2022-06-13,0
Dolnośląskie,2022-06-14,0
Dolnośląskie,2022-06-15,0
Dolnośląskie,2022-06-16,0
Dolnośląskie,2022-06-17,0
Dolnośląskie,2022-06-18,0
Dolnośląskie,2022-06-19,0
Dolnośląskie,2022-06-20,0
Dolnośląskie,2022-06-21,0
Dolnośląskie,2022-06-22,0
Dolnośląskie,2022-06-23,0
Dolnośląskie,2022-06-24,0
Dolnośląskie,2022-06-25,2
Dolnośląskie,2022-06-26,0
Dolnośląskie,2022-06-27,0
Germany,2022-04-04,23
Germany,2022-04-05,316
Germany,2022-04-06,340
Germany,2022-04-07,328
Germany,2022-04-08,334
Germany,2022-04-09,309
Germany,2022-04-10,36
Germany,2022-04-11,13
Germany,2022-04-12,289
Germany,2022-04-13,361
Germany,2022-04-14,310
Germany,2022-04-15,212
Germany,2022-04-16,29
Germany,2022-04-17,13
Germany,2022-04-18,11
Germany,2022-04-19,7
Germany,2022-04-20,348
Germany,2022-04-21,324
Germany,2022-04-22,289
Germany,2022-04-23,234
Germany,2022-04-24,24
Germany,2022-04-25,6
Germany,2022-04-26,304
Germany,2022-04-27,343
Germany,2022-04-28,246
Germany,2022-04-29,214
Germany,2022-04-30,159
Germany,2022-05-01,10
Germany,2022-05-02,0
Germany,2022-05-03,240
Germany,2022-05-04,241
Germany,2022-05-05,183
Germany,2022-05-06,214
Germany,2022-05-07,184
Germany,2022-05-08,10
Germany,2022-05-09,5
Germany,2022-05-10,218
Germany,2022-05-11,231
Germany,2022-05-12,197
Germany,2022-05-13,164
Germany,2022-05-14,144
Germany,2022-05-15,7
Germany,2022-05-16,0
Germany,2022-05-17,215
Germany,2022-05-18,174
Germany,2022-05-19,165
Germany,2022-05-20,151
Germany,2022-05-21,120
Germany,2022-05-22,1
Germany,2022-05-23,1
Germany,2022-05-24,159
Germany,2022-05-25,158
Germany,2022-05-26,136
Germany,2022-05-27,2
Germany,2022-05-28,73
Germany,2022-05-29,8
Germany,2022-05-30,2
Germany,2022-05-31,136
Germany,2022-06-01,91
Germany,2022-06-02,131
Germany,2022-06-03,91
Germany,2022-06-04,73
Germany,2022-06-05,0
Germany,2022-06-06,0
Germany,2022-06-07,2
Germany,2022-06-08,145
Germany,2022-06-09,90
Germany,2022-06-10,106
Germany,2022-06-11,77
Germany,2022-06-12,0
Germany,2022-06-13,1
Germany,2022-06-14,107
Germany,2022-06-15,112
Germany,2022-06-16,73
Germany,2022-06-17,19
Germany,2022-06-18,58
Germany,2022-06-19,0
Germany,2022-06-20,0
Germany,2022-06-21,182
Germany,2022-06-22,104
Germany,2022-06-23,98
Germany,2022-06-24,90
Germany,2022-06-25,84
Germany,2022-06-26,0
Hamburg,2022-04-04,0
Hamburg,2022-04-05,2
Hamburg,2022-04-06,11
Hamburg,2022-04-07,11
Hamburg,2022-04-08,3
Hamburg,2022-04-09,1
Hamburg,2022-04-10,13
Hamburg,2022-04-11,0
Hamburg,2022-04-12,17
Hamburg,2022-04-13,10
Hamburg,2022-04-14,5
Hamburg,2022-04-15,7
Hamburg,2022-04-16,2
Hamburg,2022-04-17,1
Hamburg,2022-04-18,0
Hamburg,2022-04-19,0
Hamburg,2022-04-20,0
Hamburg,2022-04-21,10
Hamburg,2022-04-22,4
Hamburg,2022-04-23,4
Hamburg,2022-04-24,6
Hamburg,2022-04-25,0
Hamburg,2022-04-26,0
Hamburg,2022-04-27,10
Hamburg,2022-04-28,8
Hamburg,2022-04-29,3
Hamburg,2022-04-30,2
Hamburg,2022-05-01,3
Hamburg,2022-05-02,0
Hamburg,2022-05-03,6
Hamburg,2022-05-04,5
Hamburg,2022-05-05,16
Hamburg,2022-05-06,6
Hamburg,2022-05-07,7
Hamburg,2022-05-08,8
Hamburg,2022-05-09,0
Hamburg,2022-05-10,0
Hamburg,2022-05-11,21
Hamburg,2022-05-12,9
Hamburg,2022-05-13,6
Hamburg,2022-05-14,4
Hamburg,2022-05-15,5
Hamburg,2022-05-16,0
Hamburg,2022-05-17,1
Hamburg,2022-05-18,8
Hamburg,2022-05-19,1
Hamburg,2022-05-20,5
Hamburg,2022-05-21,5
Hamburg,2022-05-22,0
Hamburg,2022-05-23,0
Hamburg,2022-05-24,1
Hamburg,2022-05-25,0
Hamburg,2022-05-26,3
Hamburg,2022-05-27,0
Hamburg,2022-05-28,3
Hamburg,2022-05-29,0
Hamburg,2022-05-30,0
Hamburg,2022-05-31,0
Hamburg,2022-06-01,6
Hamburg,2022-06-02,1
Hamburg,2022-06-03,3
Hamburg,2022-06-04,1
Hamburg,2022-06-05,0
Hamburg,2022-06-06,0
Hamburg,2022-06-07,0
Hamburg,2022-06-08,14
Hamburg,2022-06-09,0
Hamburg,2022-06-10,5
Hamburg,2022-06-11,3
Hamburg,2022-06-12,0
Hamburg,2022-06-13,0
Hamburg,2022-06-14,2
Hamburg,2022-06-15,7
Hamburg,2022-06-16,2
Hamburg,2022-06-17,1
Hamburg,2022-06-18,1
Hamburg,2022-06-19,0
Hamburg,2022-06-20,0
Hamburg,2022-06-21,8
Hamburg,2022-06-22,2
Hamburg,2022-06-23,6
Hamburg,2022-06-24,0
Hamburg,2022-06-25,6
Hamburg,2022-06-26,0
Hesse,2022-04-04,3
Hesse,2022-04-05,15
Hesse,2022-04-06,11
Hesse,2022-04-07,17
Hesse,2022-04-08,13
Hesse,2022-04-09,11
Hesse,2022-04-10,2
Hesse,2022-04-11,0
Hesse,2022-04-12,8
Hesse,2022-04-13,29
Hesse,2022-04-14,15
Hesse,2022-04-15,7
Hesse,2022-04-16,0
Hesse,2022-04-17,2
Hesse,2022-04-18,0
Hesse,2022-04-19,0
Hesse,2022-04-20,21
Hesse,2022-04-21,21
Hesse,2022-04-22,18
Hesse,2022-04-23,18
Hesse,2022-04-24,0
Hesse,2022-04-25,0
Hesse,2022-04-26,18
Hesse,2022-04-27,28
Hesse,2022-04-28,10
Hesse,2022-04-29,12
Hesse,2022-04-30,3
Hesse,2022-05-01,0
Hesse,2022-05-02,0
Hesse,2022-05-03,23
Hesse,2022-05-04,31
Hesse,2022-05-05,6
Hesse,2022-05-06,9
Hesse,2022-05-07,6
Hesse,2022-05-08,0
Hesse,2022-05-09,0
Hesse,2022-05-10,17
Hesse,2022-05-11,6
Hesse,2022-05-12,16
Hesse,2022-05-13,6
Hesse,2022-05-14,1
Hesse,2022-05-15,0
Hesse,2022-05-16,0
Hesse,2022-05-17,10
Hesse,2022-05-18,7
Hesse,2022-05-19,10
Hesse,2022-05-20,1
Hesse,2022-05-21,4
Hesse,2022-05-22,0
Hesse,2022-05-23,0
Hesse,2022-05-24,9
Hesse,2022-05-25,16
Hesse,2022-05-26,15
Hesse,2022-05-27,0
Hesse,2022-05-28,2
Hesse,2022-05-29,8
Hesse,2022-05-30,0
Hesse,2022-05-31,14
Hesse,2022-06-01,4
Hesse,2022-06-02,17
Hesse,2022-06-03,12
Hesse,2022-06-04,14
Hesse,2022-06-05,0
Hesse,2022-06-06,0
Hesse,2022-06-07,0
Hesse,2022-06-08,23
Hesse,2022-06-09,6
Hesse,2022-06-10,11
Hesse,2022-06-11,4
Hesse,2022-06-12,0
Hesse,2022-06-13,0
Hesse,2022-06-14,13
Hesse,2022-06-15,9
Hesse,2022-06-16,5
Hesse,2022-06-17,0
Hesse,2022-06-18,6
Hesse,2022-06-19,0
Hesse,2022-06-20,0
Hesse,2022-06-21,30
Hesse,2022-06-22,1
Hesse,2022-06-23,15
Hesse,2022-06-24,13
Hesse,2022-06-25,6
Hesse,2022-06-26,0
Kujawsko-Pomorskie,2022-04-04,0
Kujawsko-Pomorskie,2022-04-05,0
Kujawsko-Pomorskie,2022-04-06,2
Kujawsko-Pomorskie,2022-04-07,6
Kujawsko-Pomorskie,2022-04-08,1
Kujawsko-Pomorskie,2022-04-09,2
Kujawsko-Pomorskie,2022-04-10,1
Kujawsko-Pomorskie,2022-04-11,0
Kujawsko-Pomorskie,2022-04-12,0
Kujawsko-Pomorskie,2022-04-13,2
Kujawsko-Pomorskie,2022-04-14,0
Kujawsko-Pomorskie,2022-04-15,5
Kujawsko-Pomorskie,2022-04-16,1
Kujawsko-Pomorskie,2022-04-17,1
Kujawsko-Pomorskie,2022-04-18,0
Kujawsko-Pomorskie,2022-04-19,0
Kujawsko-Pomorskie,2022-04-20,0
Kujawsko-Pomorskie,2022-04-21,1
Kujawsko-Pomorskie,2022-04-22,2
Kujawsko-Pomorskie,2022-04-23,1
Kujawsko-Pomorskie,2022-04-24,1
Kujawsko-Pomorskie,2022-04-25,0
Kujawsko-Pomorskie,2022-04-26,0
Kujawsko-Pomorskie,2022-04-27,0
Kujawsko-Pomorskie,2022-04-28,2
Kujawsko-Pomorskie,2022-04-29,0
Kujawsko-Pomorskie,2022-04-30,0
Kujawsko-Pomorskie,2022-05-01,0
Kujawsko-Pomorskie,2022-05-02,0
Kujawsko-Pomorskie,2022-05-03,0
Kujawsko-Pomorskie,2022-05-04,0
Kujawsko-Pomorskie,2022-05-05,0
Kujawsko-Pomorskie,2022-05-06,0
Kujawsko-Pomorskie,2022-05-07,1
Kujawsko-Pomorskie,2022-05-08,0
Kujawsko-Pomorskie,2022-05-09,0
Kujawsko-Pomorskie,2022-05-10,0
Kujawsko-Pomorskie,2022-05-11,4
Kujawsko-Pomorskie,2022-05-12,2
Kujawsko-Pomorskie,2022-05-13,0
Kujawsko-Pomorskie,2022-05-14,0
Kujawsko-Pomorskie,2022-05-15,0
Kujawsko-Pomorskie,2022-05-16,0
Kujawsko-Pomorskie,2022-05-17,0
Kujawsko-Pomorskie,2022-05-18,0
Kujawsko-Pomorskie,2022-05-19,0
Kujawsko-Pomorskie,2022-05-20,1
Kujawsko-Pomorskie,2022-05-21,0
Kujawsko-Pomorskie,2022-05-22,0
Kujawsko-Pomorskie,2022-05-23,0
Kujawsko-Pomorskie,2022-05-24,0
Kujawsko-Pomorskie,2022-05-25,0
Kujawsko-Pomorskie,2022-05-26,0
Kujawsko-Pomorskie,2022-05-27,1
Kujawsko-Pomorskie,2022-05-28,0
Kujawsko-Pomorskie,2022-05-29,0
Kujawsko-Pomorskie,2022-05-30,0
Kujawsko-Pomorskie,2022-05-31,0
Kujawsko-Pomorskie,2022-06-01,0
Kujawsko-Pomorskie,2022-06-02,2
Kujawsko-Pomorskie,2022-06-03,0
Kujawsko-Pomorskie,2022-06-04,0
Kujawsko-Pomorskie,2022-06-05,0
Kujawsko-Pomorskie,2022-06-06,0
Kujawsko-Pomorskie,2022-06-07,0
Kujawsko-Pomorskie,2022-06-08,1
Kujawsko-Pomorskie,2022-06-09,0
Kujawsko-Pomorskie,2022-06-10,0
Kujawsko-Pomorskie,2022-06-11,0
Kujawsko-Pomorskie,2022-06-12,0
Kujawsko-Pomorskie,2022-06-13,0
Kujawsko-Pomorskie,2022-06-14,0
Kujawsko-Pomorskie,2022-06-15,0
Kujawsko-Pomorskie,2022-06-16,0
Kujawsko-Pomorskie,2022-06-17,0
Kujawsko-Pomorskie,2022-06-18,0
Kujawsko-Pomorskie,2022-06-19,0
Kujawsko-Pomorskie,2022-06-20,0
Kujawsko-Pomorskie,2022-06-21,0
Kujawsko-Pomorskie,2022-06-22,0
Kujawsko-Pomorskie,2022-06-23,0
Kujawsko-Pomorskie,2022-06-24,0
Kujawsko-Pomorskie,2022-06-25,0
Kujawsko-Pomorskie,2022-06-26,1
Kujawsko-Pomorskie,2022-06-27,0
Lower Saxony,2022-04-04,0
Lower Saxony,2022-04-05,34
Lower Saxony,2022-04-06,43
Lower Saxony,2022-04-07,36
Lower Saxony,2022-04-08,50
Lower Saxony,2022-04-09,27
Lower Saxony,2022-04-10,0
Lower Saxony,2022-04-11,0
Lower Saxony,2022-04-12,33
Lower Saxony,2022-04-13,42
Lower Saxony,2022-04-14,50
Lower Saxony,2022-04-15,24
Lower Saxony,2022-04-16,0
Lower Saxony,2022-04-17,0
Lower Saxony,2022-04-18,0
Lower Saxony,2022-04-19,0
Lower Saxony,2022-04-20,42
Lower Saxony,2022-04-21,11
Lower Saxony,2022-04-22,23
Lower Saxony,2022-04-23,28
Lower Saxony,2022-04-24,0
Lower Saxony,2022-04-25,0
Lower Saxony,2022-04-26,68
Lower Saxony,2022-04-27,55
Lower Saxony,2022-04-28,20
Lower Saxony,2022-04-29,16
Lower Saxony,2022-04-30,26
Lower Saxony,2022-05-01,0
Lower Saxony,2022-05-02,0
Lower Saxony,2022-05-03,39
Lower Saxony,2022-05-04,53
Lower Saxony,2022-05-05,21
Lower Saxony,2022-05-06,48
Lower Saxony,2022-05-07,11
Lower Saxony,2022-05-08,0
Lower Saxony,2022-05-09,0
Lower Saxony,2022-05-10,27
Lower Saxony,2022-05-11,32
Lower Saxony,2022-05-12,37
Lower Saxony,2022-05-13,22
Lower Saxony,2022-05-14,28
Lower Saxony,2022-05-15,0
Lower Saxony,2022-05-16,0
Lower Saxony,2022-05-17,45
Lower Saxony,2022-05-18,34
Lower Saxony,2022-05-19,29
Lower Saxony,2022-05-20,30
Lower Saxony,2022-05-21,13
Lower Saxony,2022-05-22,0
Lower Saxony,2022-05-23,0
Lower Saxony,2022-05-24,13
Lower Saxony,2022-05-25,22
Lower Saxony,2022-05-26,16
Lower Saxony,2022-05-27,0
Lower Saxony,2022-05-28,6
Lower Saxony,2022-05-29,0
Lower Saxony,2022-05-30,0
Lower Saxony,2022-05-31,24
Lower Saxony,2022-06-01,16
Lower Saxony,2022-06-02,36
Lower Saxony,2022-06-03,16
Lower Saxony,2022-06-04,14
Lower Saxony,2022-06-05,0
Lower Saxony,2022-06-06,0
Lower Saxony,2022-06-07,0
Lower Saxony,2022-06-08,16
Lower Saxony,2022-06-09,12
Lower Saxony,2022-06-10,19
Lower Saxony,2022-06-11,11
Lower Saxony,2022-06-12,0
Lower Saxony,2022-06-13,0
Lower Saxony,2022-06-14,13
Lower Saxony,2022-06-15,16
Lower Saxony,2022-06-16,14
Lower Saxony,2022-06-17,6
Lower Saxony,2022-06-18,3
Lower Saxony,2022-06-19,0
Lower Saxony,2022-06-20,0
Lower Saxony,2022-06-21,68
Lower Saxony,2022-06-22,30
Lower Saxony,2022-06-23,12
Lower Saxony,2022-06-24,8
Lower Saxony,2022-06-25,4
Lower Saxony,2022-06-26,0
Lubelskie,2022-04-04,0
Lubelskie,2022-04-05,0
Lubelskie,2022-04-06,2
Lubelskie,2022-04-07,4
Lubelskie,2022-04-08,10
Lubelskie,2022-04-09,2
Lubelskie,2022-04-10,3
Lubelskie,2022-04-11,0
Lubelskie,2022-04-12,0
Lubelskie,2022-04-13,6
Lubelskie,2022-04-14,8
Lubelskie,2022-04-15,0
Lubelskie,2022-04-16,2
Lubelskie,2022-04-17,3
Lubelskie,2022-04-18,0
Lubelskie,2022-04-19,0
Lubelskie,2022-04-20,0
Lubelskie,2022-04-21,2
Lubelskie,2022-04-22,4
Lubelskie,2022-04-23,0
Lubelskie,2022-04-24,0
Lubelskie,2022-04-25,0
Lubelskie,2022-04-26,0
Lubelskie,2022-04-27,1
Lubelskie,2022-04-28,2
Lubelskie,2022-04-29,1
Lubelskie,2022-04-30,0
Lubelskie,2022-05-01,0
Lubelskie,2022-05-02,0
Lubelskie,2022-05-03,0
Lubelskie,2022-05-04,0
Lubelskie,2022-05-05,0
Lubelskie,2022-05-06,4
Lubelskie,2022-05-07,4
Lubelskie,2022-05-08,1
Lubelskie,2022-05-09,0
Lubelskie,2022-05-10,0
Lubelskie,2022-05-11,0
Lubelskie,2022-05-12,0
Lubelskie,2022-05-13,1
Lubelskie,2022-05-14,1
Lubelskie,2022-05-15,0
Lubelskie,2022-05-16,0
Lubelskie,2022-05-17,0
Lubelskie,2022-05-18,0
Lubelskie,2022-05-19,0
Lubelskie,2022-05-20,0
Lubelskie,2022-05-21,1
Lubelskie,2022-05-22,1
Lubelskie,2022-05-23,0
Lubelskie,2022-05-24,0
Lubelskie,2022-05-25,0
Lubelskie,2022-05-26,1
Lubelskie,2022-05-27,1
Lubelskie,2022-05-28,0
Lubelskie,2022-05-29,0
Lubelskie,2022-05-30,0
Lubelskie,2022-05-31,0
Lubelskie,2022-06-01,1
Lubelskie,2022-06-02,0
Lubelskie,2022-06-03,1
Lubelskie,2022-06-04,0
Lubelskie,2022-06-05,0
Lubelskie,2022-06-06,0
Lubelskie,2022-06-07,0
Lubelskie,2022-06-08,1
Lubelskie,2022-06-09,1
Lubelskie,2022-06-10,2
Lubelskie,2022-06-11,0
Lubelskie,2022-06-12,1
Lubelskie,2022-06-13,0
Lubelskie,2022-06-14,0
Lubelskie,2022-06-15,0
Lubelskie,2022-06-16,0
Lubelskie,2022-06-17,0
Lubelskie,2022-06-18,0
Lubelskie,2022-06-19,0
Lubelskie,2022-06-20,0
Lubelskie,2022-06-21,0
Lubelskie,2022-06-22,0
Lubelskie,2022-06-23,0
Lubelskie,2022-06-24,0
Lubelskie,2022-06-25,0
Lubelskie,2022-06-26,0
Lubelskie,2022-06-27,0
Lubuskie,2022-04-04,0
Lubuskie,2022-04-05,0
Lubuskie,2022-04-06,1
Lubuskie,2022-04-07,5
Lubuskie,2022-04-08,10
Lubuskie,2022-04-09,3
Lubuskie,2022-04-10,1
Lubuskie,2022-04-11,0
Lubuskie,2022-04-12,0
Lubuskie,2022-04-13,0
Lubuskie,2022-04-14,1
Lubuskie,2022-04-15,2
Lubuskie,2022-04-16,0
Lubuskie,2022-04-17,1
Lubuskie,2022-04-18,0
Lubuskie,2022-04-19,0
Lubuskie,2022-04-20,0
Lubuskie,2022-04-21,0
Lubuskie,2022-04-22,0
Lubuskie,2022-04-23,1
Lubuskie,2022-04-24,1
Lubuskie,2022-04-25,0
Lubuskie,2022-04-26,0
Lubuskie,2022-04-27,1
Lubuskie,2022-04-28,1
Lubuskie,2022-04-29,0
Lubuskie,2022-04-30,0
Lubuskie,2022-05-01,1
Lubuskie,2022-05-02,0
Lubuskie,2022-05-03,0
Lubuskie,2022-05-04,0
Lubuskie,2022-05-05,0
Lubuskie,2022-05-06,2
Lubuskie,2022-05-07,0
Lubuskie,2022-05-08,0
Lubuskie,2022-05-09,0
Lubuskie,2022-05-10,0
Lubuskie,2022-05-11,1
Lubuskie,2022-05-12,4
Lubuskie,2022-05-13,0
Lubuskie,2022-05-14,1
Lubuskie,2022-05-15,0
Lubuskie,2022-05-16,0
Lubuskie,2022-05-17,0
Lubuskie,2022-05-18,3
Lubuskie,2022-05-19,0
Lubuskie,2022-05-20,0
Lubuskie,2022-05-21,1
Lubuskie,2022-05-22,0
Lubuskie,2022-05-23,0
Lubuskie,2022-05-24,0
Lubuskie,2022-05-25,0
Lubuskie,2022-05-26,0
Lubuskie,2022-05-27,0
Lubuskie,2022-05-28,0
Lubuskie,2022-05-29,0
Lubuskie,2022-05-30,0
Lubuskie,2022-05-31,0
Lubuskie,2022-06-01,0
Lubuskie,2022-06-02,0
Lubuskie,2022-06-03,0
Lubuskie,2022-06-04,0
Lubuskie,2022-06-05,0
Lubuskie,2022-06-06,0
Lubuskie,2022-06-07,0
Lubuskie,2022-06-08,0
Lubuskie,2022-06-09,0
Lubuskie,2022-06-10,0
Lubuskie,2022-06-11,0
Lubuskie,2022-06-12,0
Lubuskie,2022-06-13,0
Lubuskie,2022-06-14,0
Lubuskie,2022-06-15,0
Lubuskie,2022-06-16,0
Lubuskie,2022-06-17,0
Lubuskie,2022-06-18,0
Lubuskie,2022-06-19,0
Lubuskie,2022-06-20,0
Lubuskie,2022-06-21,0
Lubuskie,2022-06-22,0
Lubuskie,2022-06-23,0
Lubuskie,2022-06-24,0
Lubuskie,2022-06-25,0
Lubuskie,2022-06-26,0
Lubuskie,2022-06-27,0
Mazowieckie,2022-04-04,0
Mazowieckie,2022-04-05,0
Mazowieckie,2022-04-06,8
Mazowieckie,2022-04-07,7
Mazowieckie,2022-04-08,8
Mazowieckie,2022-04-09,6
Mazowieckie,2022-04-10,2
Mazowieckie,2022-04-11,0
Mazowieckie,2022-04-12,0
Mazowieckie,2022-04-13,6
Mazowieckie,2022-04-14,3
Mazowieckie,2022-04-15,2
Mazowieckie,2022-04-16,4
Mazowieckie,2022-04-17,7
Mazowieckie,2022-04-18,0
Mazowieckie,2022-04-19,0
Mazowieckie,2022-04-20,0
Mazowieckie,2022-04-21,4
Mazowieckie,2022-04-22,9
Mazowieckie,2022-04-23,9
Mazowieckie,2022-04-24,4
Mazowieckie,2022-04-25,0
Mazowieckie,2022-04-26,0
Mazowieckie,2022-04-27,1
Mazowieckie,2022-04-28,1
Mazowieckie,2022-04-29,3
Mazowieckie,2022-04-30,1
Mazowieckie,2022-05-01,0
Mazowieckie,2022-05-02,0
Mazowieckie,2022-05-03,0
Mazowieckie,2022-05-04,4
Mazowieckie,2022-05-05,0
Mazowieckie,2022-05-06,3
Mazowieckie,2022-05-07,3
Mazowieckie,2022-05-08,2
Mazowieckie,2022-05-09,0
Mazowieckie,2022-05-10,0
Mazowieckie,2022-05-11,1
Mazowieckie,2022-05-12,1
Mazowieckie,2022-05-13,3
Mazowieckie,2022-05-14,0
Mazowieckie,2022-05-15,15
Mazowieckie,2022-05-16,0
Mazowieckie,2022-05-17,0
Mazowieckie,2022-05-18,4
Mazowieckie,2022-05-19,6
Mazowieckie,2022-05-20,3
Mazowieckie,2022-05-21,3
Mazowieckie,2022-05-22,5
Mazowieckie,2022-05-23,0
Mazowieckie,2022-05-24,0
Mazowieckie,2022-05-25,1
Mazowieckie,2022-05-26,1
Mazowieckie,2022-05-27,1
Mazowieckie,2022-05-28,2
Mazowieckie,2022-05-29,0
Mazowieckie,2022-05-30,0
Mazowieckie,2022-05-31,0
Mazowieckie,2022-06-01,0
Mazowieckie,2022-06-02,2
Mazowieckie,2022-06-03,2
Mazowieckie,2022-06-04,1
Mazowieckie,2022-06-05,1
Mazowieckie,2022-06-06,0
Mazowieckie,2022-06-07,0
Mazowieckie,2022-06-08,1
Mazowieckie,2022-06-09,1
Mazowieckie,2022-06-10,2
Mazowieckie,2022-06-11,0
Mazowieckie,2022-06-12,0
Mazowieckie,2022-06-13,0
Mazowieckie,2022-06-14,0
Mazowieckie,2022-06-15,2
Mazowieckie,2022-06-16,1
Mazowieckie,2022-06-17,3
Mazowieckie,2022-06-18,0
Mazowieckie,2022-06-19,3
Mazowieckie,2022-06-20,0
Mazowieckie,2022-06-21,0
Mazowieckie,2022-06-22,2
Mazowieckie,2022-06-23,1
Mazowieckie,2022-06-24,1
Mazowieckie,2022-06-25,0
Mazowieckie,2022-06-26,0
Mazowieckie,2022-06-27,0
Małopolskie,2022-04-04,0
Małopolskie,2022-04-05,0
Małopolskie,2022-04-06,3
Małopolskie,2022-04-07,0
Małopolskie,2022-04-08,0
Małopolskie,2022-04-09,1
Małopolskie,2022-04-10,0
Małopolskie,2022-04-11,0
Małopolskie,2022-04-12,0
Małopolskie,2022-04-13,13
Małopolskie,2022-04-14,2
Małopolskie,2022-04-15,2
Małopolskie,2022-04-16,0
Małopolskie,2022-04-17,1
Małopolskie,2022-04-18,0
Małopolskie,2022-04-19,0
Małopolskie,2022-04-20,0
Małopolskie,2022-04-21,8
Małopolskie,2022-04-22,4
Małopolskie,2022-04-23,1
Małopolskie,2022-04-24,0
Małopolskie,2022-04-25,0
Małopolskie,2022-04-26,0
Małopolskie,2022-04-27,2
Małopolskie,2022-04-28,1
Małopolskie,2022-04-29,0
Małopolskie,2022-04-30,0
Małopolskie,2022-05-01,0
Małopolskie,2022-05-02,0
Małopolskie,2022-05-03,0
Małopolskie,2022-05-04,3
Małopolskie,2022-05-05,0
Małopolskie,2022-05-06,3
Małopolskie,2022-05-07,1
Małopolskie,2022-05-08,0
Małopolskie,2022-05-09,0
Małopolskie,2022-05-10,0
Małopolskie,2022-05-11,0
Małopolskie,2022-05-12,1
Małopolskie,2022-05-13,2
Małopolskie,2022-05-14,0
Małopolskie,2022-05-15,0
Małopolskie,2022-05-16,0
Małopolskie,2022-05-17,0
Małopolskie,2022-05-18,0
Małopolskie,2022-05-19,4
Małopolskie,2022-05-20,0
Małopolskie,2022-05-21,2
Małopolskie,2022-05-22,0
Małopolskie,2022-05-23,0
Małopolskie,2022-05-24,0
Małopolskie,2022-05-25,2
Małopolskie,2022-05-26,0
Małopolskie,2022-05-27,0
Małopolskie,2022-05-28,0
Małopolskie,2022-05-29,0
Małopolskie,2022-05-30,0
Małopolskie,2022-05-31,0
Małopolskie,2022-06-01,0
Małopolskie,2022-06-02,0
Małopolskie,2022-06-03,0
Małopolskie,2022-06-04,0
Małopolskie,2022-06-05,0
Małopolskie,2022-06-06,0
Małopolskie,2022-06-07,0
Małopolskie,2022-06-08,1
Małopolskie,2022-06-09,0
Małopolskie,2022-06-10,0
Małopolskie,2022-06-11,0
Małopolskie,2022-06-12,0
Małopolskie,2022-06-13,0
Małopolskie,2022-06-14,0
Małopolskie,2022-06-15,0
Małopolskie,2022-06-16,0
Małopolskie,2022-06-17,0
Małopolskie,2022-06-18,0
Małopolskie,2022-06-19,0
Małopolskie,2022-06-20,0
Małopolskie,2022-06-21,0
Małopolskie,2022-06-22,0
Małopolskie,2022-06-23,0
Małopolskie,2022-06-24,0
Małopolskie,2022-06-25,0
Małopolskie,2022-06-26,2
Małopolskie,2022-06-27,0
Mecklenburg-Vorpommern,2022-04-04,0
Mecklenburg-Vorpommern,2022-04-05,11
Mecklenburg-Vorpommern,2022-04-06,15
Mecklenburg-Vorpommern,2022-04-07,4
Mecklenburg-Vorpommern,2022-04-08,9
Mecklenburg-Vorpommern,2022-04-09,7
Mecklenburg-Vorpommern,2022-04-10,2
Mecklenburg-Vorpommern,2022-04-11,1
Mecklenburg-Vorpommern,2022-04-12,10
Mecklenburg-Vorpommern,2022-04-13,12
Mecklenburg-Vorpommern,2022-04-14,0
Mecklenburg-Vorpommern,2022-04-15,12
Mecklenburg-Vorpommern,2022-04-16,2
Mecklenburg-Vorpommern,2022-04-17,0
Mecklenburg-Vorpommern,2022-04-18,3
Mecklenburg-Vorpommern,2022-04-19,1
Mecklenburg-Vorpommern,2022-04-20,13
Mecklenburg-Vorpommern,2022-04-21,7
Mecklenburg-Vorpommern,2022-04-22,9
Mecklenburg-Vorpommern,2022-04-23,3
Mecklenburg-Vorpommern,2022-04-24,0
Mecklenburg-Vorpommern,2022-04-25,0
Mecklenburg-Vorpommern,2022-04-26,5
Mecklenburg-Vorpommern,2022-04-27,1
Mecklenburg-Vorpommern,2022-04-28,3
Mecklenburg-Vorpommern,2022-04-29,7
Mecklenburg-Vorpommern,2022-04-30,3
Mecklenburg-Vorpommern,2022-05-01,0
Mecklenburg-Vorpommern,2022-05-02,0
Mecklenburg-Vorpommern,2022-05-03,5
Mecklenburg-Vorpommern,2022-05-04,1
Mecklenburg-Vorpommern,2022-05-05,3
Mecklenburg-Vorpommern,2022-05-06,4
Mecklenburg-Vorpommern,2022-05-07,4
Mecklenburg-Vorpommern,2022-05-08,0
Mecklenburg-Vorpommern,2022-05-09,0
Mecklenburg-Vorpommern,2022-05-10,13
Mecklenburg-Vorpommern,2022-05-11,4
Mecklenburg-Vorpommern,2022-05-12,3
Mecklenburg-Vorpommern,2022-05-13,2
Mecklenburg-Vorpommern,2022-05-14,5
Mecklenburg-Vorpommern,2022-05-15,0
Mecklenburg-Vorpommern,2022-05-16,0
Mecklenburg-Vorpommern,2022-05-17,3
Mecklenburg-Vorpommern,2022-05-18,3
Mecklenburg-Vorpommern,2022-05-19,3
Mecklenburg-Vorpommern,2022-05-20,3
Mecklenburg-Vorpommern,2022-05-21,3
Mecklenburg-Vorpommern,2022-05-22,0
Mecklenburg-Vorpommern,2022-05-23,0
Mecklenburg-Vorpommern,2022-05-24,5
Mecklenburg-Vorpommern,2022-05-25,3
Mecklenburg-Vorpommern,2022-05-26,2
Mecklenburg-Vorpommern,2022-05-27,0
Mecklenburg-Vorpommern,2022-05-28,0
Mecklenburg-Vorpommern,2022-05-29,0
Mecklenburg-Vorpommern,2022-05-30,0
Mecklenburg-Vorpommern,2022-05-31,1
Mecklenburg-Vorpommern,2022-06-01,0
Mecklenburg-Vorpommern,2022-06-02,1
Mecklenburg-Vorpommern,2022-06-03,2
Mecklenburg-Vorpommern,2022-06-04,4
Mecklenburg-Vorpommern,2022-06-05,0
Mecklenburg-Vorpommern,2022-06-06,0
Mecklenburg-Vorpommern,2022-06-07,0
Mecklenburg-Vorpommern,2022-06-08,1
Mecklenburg-Vorpommern,2022-06-09,3
Mecklenburg-Vorpommern,2022-06-10,0
Mecklenburg-Vorpommern,2022-06-11,4
Mecklenburg-Vorpommern,2022-06-12,0
Mecklenburg-Vorpommern,2022-06-13,0
Mecklenburg-Vorpommern,2022-06-14,0
Mecklenburg-Vorpommern,2022-06-15,1
Mecklenburg-Vorpommern,2022-06-16,0
Mecklenburg-Vorpommern,2022-06-17,2
Mecklenburg-Vorpommern,2022-06-18,1
Mecklenburg-Vorpommern,2022-06-19,0
Mecklenburg-Vorpommern,2022-06-20,0
Mecklenburg-Vorpommern,2022-06-21,3
Mecklenburg-Vorpommern,2022-06-22,1
Mecklenburg-Vorpommern,2022-06-23,1
Mecklenburg-Vorpommern,2022-06-24,2
Mecklenburg-Vorpommern,2022-06-25,1
Mecklenburg-Vorpommern,2022-06-26,0
North Rhine-Westphalia,2022-04-04,9
North Rhine-Westphalia,2022-04-05,45
North Rhine-Westphalia,2022-04-06,53
North Rhine-Westphalia,2022-04-07,45
North Rhine-Westphalia,2022-04-08,62
North Rhine-Westphalia,2022-04-09,56
North Rhine-Westphalia,2022-04-10,5
North Rhine-Westphalia,2022-04-11,4
North Rhine-Westphalia,2022-04-12,56
North Rhine-Westphalia,2022-04-13,67
North Rhine-Westphalia,2022-04-14,73
North Rhine-Westphalia,2022-04-15,36
North Rhine-Westphalia,2022-04-16,7
North Rhine-Westphalia,2022-04-17,5
North Rhine-Westphalia,2022-04-18,2
North Rhine-Westphalia,2022-04-19,1
North Rhine-Westphalia,2022-04-20,69
North Rhine-Westphalia,2022-04-21,52
North Rhine-Westphalia,2022-04-22,39
North Rhine-Westphalia,2022-04-23,40
North Rhine-Westphalia,2022-04-24,4
North Rhine-Westphalia,2022-04-25,1
North Rhine-Westphalia,2022-04-26,49
North Rhine-Westphalia,2022-04-27,55
North Rhine-Westphalia,2022-04-28,48
North Rhine-Westphalia,2022-04-29,67
North Rhine-Westphalia,2022-04-30,36
North Rhine-Westphalia,2022-05-01,4
North Rhine-Westphalia,2022-05-02,0
North Rhine-Westphalia,2022-05-03,46
North Rhine-Westphalia,2022-05-04,41
North Rhine-Westphalia,2022-05-05,42
North Rhine-Westphalia,2022-05-06,31
North Rhine-Westphalia,2022-05-07,18
North Rhine-Westphalia,2022-05-08,0
North Rhine-Westphalia,2022-05-09,4
North Rhine-Westphalia,2022-05-10,34
North Rhine-Westphalia,2022-05-11,54
North Rhine-Westphalia,2022-05-12,30
North Rhine-Westphalia,2022-05-13,40
North Rhine-Westphalia,2022-05-14,21
North Rhine-Westphalia,2022-05-15,2
North Rhine-Westphalia,2022-05-16,0
North Rhine-Westphalia,2022-05-17,37
North Rhine-Westphalia,2022-05-18,34
North Rhine-Westphalia,2022-05-19,31
North Rhine-Westphalia,2022-05-20,30
North Rhine-Westphalia,2022-05-21,20
North Rhine-Westphalia,2022-05-22,1
North Rhine-Westphalia,2022-05-23,1
North Rhine-Westphalia,2022-05-24,31
North Rhine-Westphalia,2022-05-25,27
North Rhine-Westphalia,2022-05-26,32
North Rhine-Westphalia,2022-05-27,2
North Rhine-Westphalia,2022-05-28,19
North Rhine-Westphalia,2022-05-29,0
North Rhine-Westphalia,2022-05-30,2
North Rhine-Westphalia,2022-05-31,26
North Rhine-Westphalia,2022-06-01,19
North Rhine-Westphalia,2022-06-02,27
North Rhine-Westphalia,2022-06-03,9
North Rhine-Westphalia,2022-06-04,6
North Rhine-Westphalia,2022-06-05,0
North Rhine-Westphalia,2022-06-06,0
North Rhine-Westphalia,2022-06-07,2
North Rhine-Westphalia,2022-06-08,14
North Rhine-Westphalia,2022-06-09,16
North Rhine-Westphalia,2022-06-10,6
North Rhine-Westphalia,2022-06-11,17
North Rhine-Westphalia,2022-06-12,0
North Rhine-Westphalia,2022-06-13,1
North Rhine-Westphalia,2022-06-14,19
North Rhine-Westphalia,2022-06-15,27
North Rhine-Westphalia,2022-06-16,13
North Rhine-Westphalia,2022-06-17,2
North Rhine-Westphalia,2022-06-18,5
North Rhine-Westphalia,2022-06-19,0
North Rhine-Westphalia,2022-06-20,0
North Rhine-Westphalia,2022-06-21,17
North Rhine-Westphalia,2022-06-22,17
North Rhine-Westphalia,2022-06-23,19
North Rhine-Westphalia,2022-06-24,16
North Rhine-Westphalia,2022-06-25,37
North Rhine-Westphalia,2022-06-26,0
Opolskie,2022-04-04,0
Opolskie,2022-04-05,0
Opolskie,2022-04-06,0
Opolskie,2022-04-07,1
Opolskie,2022-04-08,1
Opolskie,2022-04-09,0
Opolskie,2022-04-10,0
Opolskie,2022-04-11,0
Opolskie,2022-04-12,0
Opolskie,2022-04-13,2
Opolskie,2022-04-14,3
Opolskie,2022-04-15,0
Opolskie,2022-04-16,0
Opolskie,2022-04-17,1
Opolskie,2022-04-18,0
Opolskie,2022-04-19,0
Opolskie,2022-04-20,0
Opolskie,2022-04-21,0
Opolskie,2022-04-22,0
Opolskie,2022-04-23,0
Opolskie,2022-04-24,0
Opolskie,2022-04-25,0
Opolskie,2022-04-26,0
Opolskie,2022-04-27,1
Opolskie,2022-04-28,0
Opolskie,2022-04-29,2
Opolskie,2022-04-30,0
Opolskie,2022-05-01,0
Opolskie,2022-05-02,0
Opolskie,2022-05-03,0
Opolskie,2022-05-04,0
Opolskie,2022-05-05,0
Opolskie,2022-05-06,0
Opolskie,2022-05-07,0
Opolskie,2022-05-08,2
Opolskie,2022-05-09,0
Opolskie,2022-05-10,0
Opolskie,2022-05-11,0
Opolskie,2022-05-12,1
Opolskie,2022-05-13,1
Opolskie,2022-05-14,2
Opolskie,2022-05-15,0
Opolskie,2022-05-16,0
Opolskie,2022-05-17,0
Opolskie,2022-05-18,1
Opolskie,2022-05-19,0
Opolskie,2022-05-20,0
Opolskie,2022-05-21,0
Opolskie,2022-05-22,1
Opolskie,2022-05-23,0
Opolskie,2022-05-24,0
Opolskie,2022-05-25,4
Opolskie,2022-05-26,0
Opolskie,2022-05-27,0
Opolskie,2022-05-28,0
Opolskie,2022-05-29,2
Opolskie,2022-05-30,0
Opolskie,2022-05-31,0
Opolskie,2022-06-01,0
Opolskie,2022-06-02,0
Opolskie,2022-06-03,0
Opolskie,2022-06-04,0
Opolskie,2022-06-05,0
Opolskie,2022-06-06,0
Opolskie,2022-06-07,0
Opolskie,2022-06-08,0
Opolskie,2022-06-09,0
Opolskie,2022-06-10,0
Opolskie,2022-06-11,0
Opolskie,2022-06-12,0
Opolskie,2022-06-13,0
Opolskie,2022-06-14,0
Opolskie,2022-06-15,0
Opolskie,2022-06-16,0
Opolskie,2022-06-17,0
Opolskie,2022-06-18,0
Opolskie,2022-06-19,0
Opolskie,2022-06-20,0
Opolskie,2022-06-21,0
Opolskie,2022-06-22,0
Opolskie,2022-06-23,0
Opolskie,2022-06-24,0
Opolskie,2022-06-25,4
Opolskie,2022-06-26,0
Opolskie,2022-06-27,0
Podkarpackie,2022-04-04,0
Podkarpackie,2022-04-05,0
Podkarpackie,2022-04-06,3
Podkarpackie,2022-04-07,1
Podkarpackie,2022-04-08,3
Podkarpackie,2022-04-09,2
Podkarpackie,2022-04-10,1
Podkarpackie,2022-04-11,0
Podkarpackie,2022-04-12,0
Podkarpackie,2022-04-13,1
Podkarpackie,2022-04-14,0
Podkarpackie,2022-04-15,0
Podkarpackie,2022-04-16,1
Podkarpackie,2022-04-17,2
Podkarpackie,2022-04-18,0
Podkarpackie,2022-04-19,0
Podkarpackie,2022-04-20,0
Podkarpackie,2022-04-21,0
Podkarpackie,2022-04-22,2
Podkarpackie,2022-04-23,1
Podkarpackie,2022-04-24,0
Podkarpackie,2022-04-25,0
Podkarpackie,2022-04-26,0
Podkarpackie,2022-04-27,2
Podkarpackie,2022-04-28,0
Podkarpackie,2022-04-29,1
Podkarpackie,2022-04-30,2
Podkarpackie,2022-05-01,0
Podkarpackie,2022-05-02,0
Podkarpackie,2022-05-03,0
Podkarpackie,2022-05-04,0
Podkarpackie,2022-05-05,0
Podkarpackie,2022-05-06,0
Podkarpackie,2022-05-07,1
Podkarpackie,2022-05-08,0
Podkarpackie,2022-05-09,0
Podkarpackie,2022-05-10,0
Podkarpackie,2022-05-11,2
Podkarpackie,2022-05-12,0
Podkarpackie,2022-05-13,0
Podkarpackie,2022-05-14,1
Podkarpackie,2022-05-15,0
Podkarpackie,2022-05-16,0
Podkarpackie,2022-05-17,0
Podkarpackie,2022-05-18,0
Podkarpackie,2022-05-19,0
Podkarpackie,2022-05-20,2
Podkarpackie,2022-05-21,1
Podkarpackie,2022-05-22,2
Podkarpackie,2022-05-23,0
Podkarpackie,2022-05-24,0
Podkarpackie,2022-05-25,1
Podkarpackie,2022-05-26,0
Podkarpackie,2022-05-27,0
Podkarpackie,2022-05-28,0
Podkarpackie,2022-05-29,0
Podkarpackie,2022-05-30,0
Podkarpackie,2022-05-31,0
Podkarpackie,2022-06-01,1
Podkarpackie,2022-06-02,0
Podkarpackie,2022-06-03,1
Podkarpackie,2022-06-04,0
Podkarpackie,2022-06-05,1
Podkarpackie,2022-06-06,0
Podkarpackie,2022-06-07,0
Podkarpackie,2022-06-08,0
Podkarpackie,2022-06-09,2
Podkarpackie,2022-06-10,0
Podkarpackie,2022-06-11,0
Podkarpackie,2022-06-12,0
Podkarpackie,2022-06-13,0
Podkarpackie,2022-06-14,0
Podkarpackie,2022-06-15,0
Podkarpackie,2022-06-16,1
Podkarpackie,2022-06-17,0
Podkarpackie,2022-06-18,0
Podkarpackie,2022-06-19,0
Podkarpackie,2022-06-20,0
Podkarpackie,2022-06-21,0
Podkarpackie,2022-06-22,0
Podkarpackie,2022-06-23,1
Podkarpackie,2022-06-24,0
Podkarpackie,2022-06-25,0
Podkarpackie,2022-06-26,0
Podkarpackie,2022-06-27,0
Podlaskie,2022-04-04,1
Podlaskie,2022-04-05,0
Podlaskie,2022-04-06,1
Podlaskie,2022-04-07,2
Podlaskie,2022-04-08,1
Podlaskie,2022-04-09,1
Podlaskie,2022-04-10,0
Podlaskie,2022-04-11,0
Podlaskie,2022-04-12,0
Podlaskie,2022-04-13,1
Podlaskie,2022-04-14,0
Podlaskie,2022-04-15,1
Podlaskie,2022-04-16,0
Podlaskie,2022-04-17,1
Podlaskie,2022-04-18,0
Podlaskie,2022-04-19,0
Podlaskie,2022-04-20,0
Podlaskie,2022-04-21,0
Podlaskie,2022-04-22,0
Podlaskie,2022-04-23,0
Podlaskie,2022-04-24,0
Podlaskie,2022-04-25,0
Podlaskie,2022-04-26,0
Podlaskie,2022-04-27,0
Podlaskie,2022-04-28,2
Podlaskie,2022-04-29,3
Podlaskie,2022-04-30,0
Podlaskie,2022-05-01,0
Podlaskie,2022-05-02,0
Podlaskie,2022-05-03,0
Podlaskie,2022-05-04,0
Podlaskie,2022-05-05,0
Podlaskie,2022-05-06,1
Podlaskie,2022-05-07,0
Podlaskie,2022-05-08,1
Podlaskie,2022-05-09,0
Podlaskie,2022-05-10,0
Podlaskie,2022-05-11,0
Podlaskie,2022-05-12,0
Podlaskie,2022-05-13,0
Podlaskie,2022-05-14,0
Podlaskie,2022-05-15,1
Podlaskie,2022-05-16,0
Podlaskie,2022-05-17,0
Podlaskie,2022-05-18,0
Podlaskie,2022-05-19,1
Podlaskie,2022-05-20,0
Podlaskie,2022-05-21,0
Podlaskie,2022-05-22,0
Podlaskie,2022-05-23,0
Podlaskie,2022-05-24,0
Podlaskie,2022-05-25,0
Podlaskie,2022-05-26,0
Podlaskie,2022-05-27,0
Podlaskie,2022-05-28,0
Podlaskie,2022-05-29,0
Podlaskie,2022-05-30,0
Podlaskie,2022-05-31,0
Podlaskie,2022-06-01,0
Podlaskie,2022-06-02,0
Podlaskie,2022-06-03,0
Podlaskie,2022-06-04,0
Podlaskie,2022-06-05,0
Podlaskie,2022-06-06,0
Podlaskie,2022-06-07,0
Podlaskie,2022-06-08,0
Podlaskie,2022-06-09,0
Podlaskie,2022-06-10,0
Podlaskie,2022-06-11,0
Podlaskie,2022-06-12,0
Podlaskie,2022-06-13,0
Podlaskie,2022-06-14,0
Podlaskie,2022-06-15,2
Podlaskie,2022-06-16,0
Podlaskie,2022-06-17,0
Podlaskie,2022-06-18,0
Podlaskie,2022-06-19,0
Podlaskie,2022-06-20,0
Podlaskie,2022-06-21,0
Podlaskie,2022-06-22,1
Podlaskie,2022-06-23,0
Podlaskie,2022-06-24,0
Podlaskie,2022-06-25,1
Podlaskie,2022-06-26,0
Podlaskie,2022-06-27,0
Poland,2022-04-04,2
Poland,2022-04-05,0
Poland,2022-04-06,50
Poland,2022-04-07,77
Poland,2022-04-08,64
Poland,2022-04-09,58
Poland,2022-04-10,41
Poland,2022-04-11,0
Poland,2022-04-12,0
Poland,2022-04-13,61
Poland,2022-04-14,40
Poland,2022-04-15,39
Poland,2022-04-16,34
Poland,2022-04-17,29
Poland,2022-04-18,0
Poland,2022-04-19,0
Poland,2022-04-20,0
Poland,2022-04-21,31
Poland,2022-04-22,30
Poland,2022-04-23,27
Poland,2022-04-24,22
Poland,2022-04-25,0
Poland,2022-04-26,0
Poland,2022-04-27,29
Poland,2022-04-28,21
Poland,2022-04-29,24
Poland,2022-04-30,20
Poland,2022-05-01,17
Poland,2022-05-02,0
Poland,2022-05-03,0
Poland,2022-05-04,10
Poland,2022-05-05,1
Poland,2022-05-06,29
Poland,2022-05-07,25
Poland,2022-05-08,14
Poland,2022-05-09,0
Poland,2022-05-10,0
Poland,2022-05-11,12
Poland,2022-05-12,15
Poland,2022-05-13,11
Poland,2022-05-14,11
Poland,2022-05-15,21
Poland,2022-05-16,0
Poland,2022-05-17,0
Poland,2022-05-18,10
Poland,2022-05-19,13
Poland,2022-05-20,12
Poland,2022-05-21,13
Poland,2022-05-22,13
Poland,2022-05-23,0
Poland,2022-05-24,0
Poland,2022-05-25,16
Poland,2022-05-26,6
Poland,2022-05-27,9
Poland,2022-05-28,6
Poland,2022-05-29,6
Poland,2022-05-30,0
Poland,2022-05-31,0
Poland,2022-06-01,7
Poland,2022-06-02,7
Poland,2022-06-03,7
Poland,2022-06-04,4
Poland,2022-06-05,11
Poland,2022-06-06,0
Poland,2022-06-07,0
Poland,2022-06-08,6
Poland,2022-06-09,7
Poland,2022-06-10,6
Poland,2022-06-11,1
Poland,2022-06-12,2
Poland,2022-06-13,0
Poland,2022-06-14,0
Poland,2022-06-15,9
Poland,2022-06-16,7
Poland,2022-06-17,3
Poland,2022-06-18,0
Poland,2022-06-19,3
Poland,2022-06-20,0
Poland,2022-06-21,0
Poland,2022-06-22,7
Poland,2022-06-23,4
Poland,2022-06-24,1
Poland,2022-06-25,7
Poland,2022-06-26,5
Poland,2022-06-27,0
Pomorskie,2022-04-04,0
Pomorskie,2022-04-05,0
Pomorskie,2022-04-06,0
Pomorskie,2022-04-07,15
Pomorskie,2022-04-08,3
Pomorskie,2022-04-09,22
Pomorskie,2022-04-10,1
Pomorskie,2022-04-11,0
Pomorskie,2022-04-12,0
Pomorskie,2022-04-13,9
Pomorskie,2022-04-14,0
Pomorskie,2022-04-15,10
Pomorskie,2022-04-16,13
Pomorskie,2022-04-17,0
Pomorskie,2022-04-18,0
Pomorskie,2022-04-19,0
Pomorskie,2022-04-20,0
Pomorskie,2022-04-21,7
Pomorskie,2022-04-22,0
Pomorskie,2022-04-23,2
Pomorskie,2022-04-24,0
Pomorskie,2022-04-25,0
Pomorskie,2022-04-26,0
Pomorskie,2022-04-27,0
Pomorskie,2022-04-28,0
Pomorskie,2022-04-29,8
Pomorskie,2022-04-30,3
Pomorskie,2022-05-01,1
Pomorskie,2022-05-02,0
Pomorskie,2022-05-03,0
Pomorskie,2022-05-04,0
Pomorskie,2022-05-05,1
Pomorskie,2022-05-06,0
Pomorskie,2022-05-07,3
Pomorskie,2022-05-08,3
Pomorskie,2022-05-09,0
Pomorskie,2022-05-10,0
Pomorskie,2022-05-11,0
Pomorskie,2022-05-12,0
Pomorskie,2022-05-13,1
Pomorskie,2022-05-14,0
Pomorskie,2022-05-15,1
Pomorskie,2022-05-16,0
Pomorskie,2022-05-17,0
Pomorskie,2022-05-18,1
Pomorskie,2022-05-19,0
Pomorskie,2022-05-20,0
Pomorskie,2022-05-21,1
Pomorskie,2022-05-22,1
Pomorskie,2022-05-23,0
Pomorskie,2022-05-24,0
Pomorskie,2022-05-25,0
Pomorskie,2022-05-26,0
Pomorskie,2022-05-27,0
Pomorskie,2022-05-28,0
Pomorskie,2022-05-29,4
Pomorskie,2022-05-30,0
Pomorskie,2022-05-31,0
Pomorskie,2022-06-01,1
Pomorskie,2022-06-02,0
Pomorskie,2022-06-03,0
Pomorskie,2022-06-04,0
Pomorskie,2022-06-05,0
Pomorskie,2022-06-06,0
Pomorskie,2022-06-07,0
Pomorskie,2022-06-08,0
Pomorskie,2022-06-09,0
Pomorskie,2022-06-10,0
Pomorskie,2022-06-11,0
Pomorskie,2022-06-12,0
Pomorskie,2022-06-13,0
Pomorskie,2022-06-14,0
Pomorskie,2022-06-15,4
Pomorskie,2022-06-16,1
Pomorskie,2022-06-17,0
Pomorskie,2022-06-18,0
Pomorskie,2022-06-19,0
Pomorskie,2022-06-20,0
Pomorskie,2022-06-21,0
Pomorskie,2022-06-22,2
Pomorskie,2022-06-23,0
Pomorskie,2022-06-24,0
Pomorskie,2022-06-25,0
Pomorskie,2022-06-26,0
Pomorskie,2022-06-27,0
Rhineland-Palatinate,2022-04-04,1
Rhineland-Palatinate,2022-04-05,16
Rhineland-Palatinate,2022-04-06,19
Rhineland-Palatinate,2022-04-07,15
Rhineland-Palatinate,2022-04-08,16
Rhineland-Palatinate,2022-04-09,9
Rhineland-Palatinate,2022-04-10,0
Rhineland-Palatinate,2022-04-11,0
Rhineland-Palatinate,2022-04-12,8
Rhineland-Palatinate,2022-04-13,17
Rhineland-Palatinate,2022-04-14,8
Rhineland-Palatinate,2022-04-15,26
Rhineland-Palatinate,2022-04-16,7
Rhineland-Palatinate,2022-04-17,0
Rhineland-Palatinate,2022-04-18,1
Rhineland-Palatinate,2022-04-19,0
Rhineland-Palatinate,2022-04-20,8
Rhineland-Palatinate,2022-04-21,20
Rhineland-Palatinate,2022-04-22,10
Rhineland-Palatinate,2022-04-23,4
Rhineland-Palatinate,2022-04-24,0
Rhineland-Palatinate,2022-04-25,1
Rhineland-Palatinate,2022-04-26,9
Rhineland-Palatinate,2022-04-27,12
Rhineland-Palatinate,2022-04-28,11
Rhineland-Palatinate,2022-04-29,13
Rhineland-Palatinate,2022-04-30,8
Rhineland-Palatinate,2022-05-01,0
Rhineland-Palatinate,2022-05-02,0
Rhineland-Palatinate,2022-05-03,9
Rhineland-Palatinate,2022-05-04,8
Rhineland-Palatinate,2022-05-05,7
Rhineland-Palatinate,2022-05-06,11
Rhineland-Palatinate,2022-05-07,13
Rhineland-Palatinate,2022-05-08,0
Rhineland-Palatinate,2022-05-09,0
Rhineland-Palatinate,2022-05-10,4
Rhineland-Palatinate,2022-05-11,5
Rhineland-Palatinate,2022-05-12,7
Rhineland-Palatinate,2022-05-13,5
Rhineland-Palatinate,2022-05-14,16
Rhineland-Palatinate,2022-05-15,0
Rhineland-Palatinate,2022-05-16,0
Rhineland-Palatinate,2022-05-17,8
Rhineland-Palatinate,2022-05-18,3
Rhineland-Palatinate,2022-05-19,19
Rhineland-Palatinate,2022-05-20,3
Rhineland-Palatinate,2022-05-21,18
Rhineland-Palatinate,2022-05-22,0
Rhineland-Palatinate,2022-05-23,0
Rhineland-Palatinate,2022-05-24,8
Rhineland-Palatinate,2022-05-25,11
Rhineland-Palatinate,2022-05-26,4
Rhineland-Palatinate,2022-05-27,0
Rhineland-Palatinate,2022-05-28,2
Rhineland-Palatinate,2022-05-29,0
Rhineland-Palatinate,2022-05-30,0
Rhineland-Palatinate,2022-05-31,3
Rhineland-Palatinate,2022-06-01,4
Rhineland-Palatinate,2022-06-02,0
Rhineland-Palatinate,2022-06-03,2
Rhineland-Palatinate,2022-06-04,4
Rhineland-Palatinate,2022-06-05,0
Rhineland-Palatinate,2022-06-06,0
Rhineland-Palatinate,2022-06-07,0
Rhineland-Palatinate,2022-06-08,4
Rhineland-Palatinate,2022-06-09,2
Rhineland-Palatinate,2022-06-10,2
Rhineland-Palatinate,2022-06-11,1
Rhineland-Palatinate,2022-06-12,0
Rhineland-Palatinate,2022-06-13,0
Rhineland-Palatinate,2022-06-14,7
Rhineland-Palatinate,2022-06-15,9
Rhineland-Palatinate,2022-06-16,4
Rhineland-Palatinate,2022-06-17,0
Rhineland-Palatinate,2022-06-18,3
Rhineland-Palatinate,2022-06-19,0
Rhineland-Palatinate,2022-06-20,0
Rhineland-Palatinate,2022-06-21,2
Rhineland-Palatinate,2022-06-22,4
Rhineland-Palatinate,2022-06-23,7
Rhineland-Palatinate,2022-06-24,6
Rhineland-Palatinate,2022-06-25,1
Rhineland-Palatinate,2022-06-26,0
Saarland,2022-04-04,0
Saarland,2022-04-05,7
Saarland,2022-04-06,7
Saarland,2022-04-07,3
Saarland,2022-04-08,1
Saarland,2022-04-09,7
Saarland,2022-04-10,0
Saarland,2022-04-11,0
Saarland,2022-04-12,5
Saarland,2022-04-13,14
Saarland,2022-04-14,3
Saarland,2022-04-15,0
Saarland,2022-04-16,0
Saarland,2022-04-17,1
Saarland,2022-04-18,0
Saarland,2022-04-19,0
Saarland,2022-04-20,12
Saarland,2022-04-21,9
Saarland,2022-04-22,2
Saarland,2022-04-23,5
Saarland,2022-04-24,0
Saarland,2022-04-25,0
Saarland,2022-04-26,7
Saarland,2022-04-27,4
Saarland,2022-04-28,5
Saarland,2022-04-29,4
Saarland,2022-04-30,3
Saarland,2022-05-01,0
Saarland,2022-05-02,0
Saarland,2022-05-03,2
Saarland,2022-05-04,2
Saarland,2022-05-05,6
Saarland,2022-05-06,0
Saarland,2022-05-07,0
Saarland,2022-05-08,1
Saarland,2022-05-09,0
Saarland,2022-05-10,5
Saarland,2022-05-11,6
Saarland,2022-05-12,1
Saarland,2022-05-13,0
Saarland,2022-05-14,2
Saarland,2022-05-15,0
Saarland,2022-05-16,0
Saarland,2022-05-17,0
Saarland,2022-05-18,3
Saarland,2022-05-19,3
Saarland,2022-05-20,2
Saarland,2022-05-21,0
Saarland,2022-05-22,0
Saarland,2022-05-23,0
Saarland,2022-05-24,1
Saarland,2022-05-25,4
Saarland,2022-05-26,1
Saarland,2022-05-27,0
Saarland,2022-05-28,0
Saarland,2022-05-29,0
Saarland,2022-05-30,0
Saarland,2022-05-31,2
Saarland,2022-06-01,0
Saarland,2022-06-02,9
Saarland,2022-06-03,8
Saarland,2022-06-04,0
Saarland,2022-06-05,0
Saarland,2022-06-06,0
Saarland,2022-06-07,0
Saarland,2022-06-08,3
Saarland,2022-06-09,2
Saarland,2022-06-10,0
Saarland,2022-06-11,1
Saarland,2022-06-12,0
Saarland,2022-06-13,0
Saarland,2022-06-14,0
Saarland,2022-06-15,0
Saarland,2022-06-16,0
Saarland,2022-06-17,0
Saarland,2022-06-18,0
Saarland,2022-06-19,0
Saarland,2022-06-20,0
Saarland,2022-06-21,8
Saarland,2022-06-22,2
Saarland,2022-06-23,1
Saarland,2022-06-24,1
Saarland,2022-06-25,1
Saarland,2022-06-26,0
Saxony,2022-04-04,0
Saxony,2022-04-05,41
Saxony,2022-04-06,28
Saxony,2022-04-07,18
Saxony,2022-04-08,33
Saxony,2022-04-09,56
Saxony,2022-04-10,3
Saxony,2022-04-11,0
Saxony,2022-04-12,7
Saxony,2022-04-13,39
Saxony,2022-04-14,43
Saxony,2022-04-15,22
Saxony,2022-04-16,0
Saxony,2022-04-17,0
Saxony,2022-04-18,0
Saxony,2022-04-19,0
Saxony,2022-04-20,20
Saxony,2022-04-21,28
Saxony,2022-04-22,25
Saxony,2022-04-23,31
Saxony,2022-04-24,0
Saxony,2022-04-25,0
Saxony,2022-04-26,25
Saxony,2022-04-27,43
Saxony,2022-04-28,25
Saxony,2022-04-29,20
Saxony,2022-04-30,13
Saxony,2022-05-01,0
Saxony,2022-05-02,0
Saxony,2022-05-03,11
Saxony,2022-05-04,29
Saxony,2022-05-05,19
Saxony,2022-05-06,18
Saxony,2022-05-07,31
Saxony,2022-05-08,0
Saxony,2022-05-09,0
Saxony,2022-05-10,11
Saxony,2022-05-11,13
Saxony,2022-05-12,11
Saxony,2022-05-13,9
Saxony,2022-05-14,4
Saxony,2022-05-15,0
Saxony,2022-05-16,0
Saxony,2022-05-17,9
Saxony,2022-05-18,12
Saxony,2022-05-19,12
Saxony,2022-05-20,6
Saxony,2022-05-21,1
Saxony,2022-05-22,0
Saxony,2022-05-23,0
Saxony,2022-05-24,10
Saxony,2022-05-25,6
Saxony,2022-05-26,9
Saxony,2022-05-27,0
Saxony,2022-05-28,8
Saxony,2022-05-29,0
Saxony,2022-05-30,0
Saxony,2022-05-31,5
Saxony,2022-06-01,3
Saxony,2022-06-02,6
Saxony,2022-06-03,6
Saxony,2022-06-04,6
Saxony,2022-06-05,0
Saxony,2022-06-06,0
Saxony,2022-06-07,0
Saxony,2022-06-08,12
Saxony,2022-06-09,5
Saxony,2022-06-10,2
Saxony,2022-06-11,1
Saxony,2022-06-12,0
Saxony,2022-06-13,0
Saxony,2022-06-14,4
Saxony,2022-06-15,0
Saxony,2022-06-16,4
Saxony,2022-06-17,2
Saxony,2022-06-18,4
Saxony,2022-06-19,0
Saxony,2022-06-20,0
Saxony,2022-06-21,4
Saxony,2022-06-22,1
Saxony,2022-06-23,3
Saxony,2022-06-24,6
Saxony,2022-06-25,5
Saxony,2022-06-26,0
Saxony-Anhalt,2022-04-04,1
Saxony-Anhalt,2022-04-05,7
Saxony-Anhalt,2022-04-06,22
Saxony-Anhalt,2022-04-07,14
Saxony-Anhalt,2022-04-08,12
Saxony-Anhalt,2022-04-09,21
Saxony-Anhalt,2022-04-10,2
Saxony-Anhalt,2022-04-11,2
Saxony-Anhalt,2022-04-12,5
Saxony-Anhalt,2022-04-13,12
Saxony-Anhalt,2022-04-14,13
Saxony-Anhalt,2022-04-15,5
Saxony-Anhalt,2022-04-16,3
Saxony-Anhalt,2022-04-17,3
Saxony-Anhalt,2022-04-18,2
Saxony-Anhalt,2022-04-19,0
Saxony-Anhalt,2022-04-20,11
Saxony-Anhalt,2022-04-21,15
Saxony-Anhalt,2022-04-22,14
Saxony-Anhalt,2022-04-23,13
Saxony-Anhalt,2022-04-24,3
Saxony-Anhalt,2022-04-25,1
Saxony-Anhalt,2022-04-26,3
Saxony-Anhalt,2022-04-27,17
Saxony-Anhalt,2022-04-28,19
Saxony-Anhalt,2022-04-29,1
Saxony-Anhalt,2022-04-30,5
Saxony-Anhalt,2022-05-01,1
Saxony-Anhalt,2022-05-02,0
Saxony-Anhalt,2022-05-03,2
Saxony-Anhalt,2022-05-04,9
Saxony-Anhalt,2022-05-05,3
Saxony-Anhalt,2022-05-06,7
Saxony-Anhalt,2022-05-07,5
Saxony-Anhalt,2022-05-08,1
Saxony-Anhalt,2022-05-09,1
Saxony-Anhalt,2022-05-10,3
Saxony-Anhalt,2022-05-11,2
Saxony-Anhalt,2022-05-12,6
Saxony-Anhalt,2022-05-13,4
Saxony-Anhalt,2022-05-14,9
Saxony-Anhalt,2022-05-15,0
Saxony-Anhalt,2022-05-16,0
Saxony-Anhalt,2022-05-17,9
Saxony-Anhalt,2022-05-18,4
Saxony-Anhalt,2022-05-19,3
Saxony-Anhalt,2022-05-20,9
Saxony-Anhalt,2022-05-21,4
Saxony-Anhalt,2022-05-22,0
Saxony-Anhalt,2022-05-23,0
Saxony-Anhalt,2022-05-24,3
Saxony-Anhalt,2022-05-25,0
Saxony-Anhalt,2022-05-26,6
Saxony-Anhalt,2022-05-27,0
Saxony-Anhalt,2022-05-28,2
Saxony-Anhalt,2022-05-29,0
Saxony-Anhalt,2022-05-30,0
Saxony-Anhalt,2022-05-31,1
Saxony-Anhalt,2022-06-01,7
Saxony-Anhalt,2022-06-02,4
Saxony-Anhalt,2022-06-03,5
Saxony-Anhalt,2022-06-04,1
Saxony-Anhalt,2022-06-05,0
Saxony-Anhalt,2022-06-06,0
Saxony-Anhalt,2022-06-07,0
Saxony-Anhalt,2022-06-08,1
Saxony-Anhalt,2022-06-09,4
Saxony-Anhalt,2022-06-10,5
Saxony-Anhalt,2022-06-11,1
Saxony-Anhalt,2022-06-12,0
Saxony-Anhalt,2022-06-13,0
Saxony-Anhalt,2022-06-14,4
Saxony-Anhalt,2022-06-15,4
Saxony-Anhalt,2022-06-16,4
Saxony-Anhalt,2022-06-17,2
Saxony-Anhalt,2022-06-18,1
Saxony-Anhalt,2022-06-19,0
Saxony-Anhalt,2022-06-20,0
Saxony-Anhalt,2022-06-21,0
Saxony-Anhalt,2022-06-22,3
Saxony-Anhalt,2022-06-23,1
Saxony-Anhalt,2022-06-24,0
Saxony-Anhalt,2022-06-25,5
Saxony-Anhalt,2022-06-26,0
Schleswig-Holstein,2022-04-04,1
Schleswig-Holstein,2022-04-05,5
Schleswig-Holstein,2022-04-06,9
Schleswig-Holstein,2022-04-07,5
Schleswig-Holstein,2022-04-08,6
Schleswig-Holstein,2022-04-09,6
Schleswig-Holstein,2022-04-10,0
Schleswig-Holstein,2022-04-11,0
Schleswig-Holstein,2022-04-12,4
Schleswig-Holstein,2022-04-13,7
Schleswig-Holstein,2022-04-14,13
Schleswig-Holstein,2022-04-15,9
Schleswig-Holstein,2022-04-16,0
Schleswig-Holstein,2022-04-17,0
Schleswig-Holstein,2022-04-18,0
Schleswig-Holstein,2022-04-19,0
Schleswig-Holstein,2022-04-20,19
Schleswig-Holstein,2022-04-21,3
Schleswig-Holstein,2022-04-22,8
Schleswig-Holstein,2022-04-23,10
Schleswig-Holstein,2022-04-24,0
Schleswig-Holstein,2022-04-25,0
Schleswig-Holstein,2022-04-26,11
Schleswig-Holstein,2022-04-27,7
Schleswig-Holstein,2022-04-28,6
Schleswig-Holstein,2022-04-29,4
Schleswig-Holstein,2022-04-30,3
Schleswig-Holstein,2022-05-01,0
Schleswig-Holstein,2022-05-02,0
Schleswig-Holstein,2022-05-03,6
Schleswig-Holstein,2022-05-04,2
Schleswig-Holstein,2022-05-05,2
Schleswig-Holstein,2022-05-06,2
Schleswig-Holstein,2022-05-07,9
Schleswig-Holstein,2022-05-08,0
Schleswig-Holstein,2022-05-09,0
Schleswig-Holstein,2022-05-10,9
Schleswig-Holstein,2022-05-11,1
Schleswig-Holstein,2022-05-12,6
Schleswig-Holstein,2022-05-13,3
Schleswig-Holstein,2022-05-14,5
Schleswig-Holstein,2022-05-15,0
Schleswig-Holstein,2022-05-16,0
Schleswig-Holstein,2022-05-17,9
Schleswig-Holstein,2022-05-18,5
Schleswig-Holstein,2022-05-19,10
Schleswig-Holstein,2022-05-20,0
Schleswig-Holstein,2022-05-21,1
Schleswig-Holstein,2022-05-22,0
Schleswig-Holstein,2022-05-23,0
Schleswig-Holstein,2022-05-24,2
Schleswig-Holstein,2022-05-25,16
Schleswig-Holstein,2022-05-26,5
Schleswig-Holstein,2022-05-27,0
Schleswig-Holstein,2022-05-28,0
Schleswig-Holstein,2022-05-29,0
Schleswig-Holstein,2022-05-30,0
Schleswig-Holstein,2022-05-31,2
Schleswig-Holstein,2022-06-01,5
Schleswig-Holstein,2022-06-02,2
Schleswig-Holstein,2022-06-03,1
Schleswig-Holstein,2022-06-04,1
Schleswig-Holstein,2022-06-05,0
Schleswig-Holstein,2022-06-06,0
Schleswig-Holstein,2022-06-07,0
Schleswig-Holstein,2022-06-08,2
Schleswig-Holstein,2022-06-09,8
Schleswig-Holstein,2022-06-10,5
Schleswig-Holstein,2022-06-11,5
Schleswig-Holstein,2022-06-12,0
Schleswig-Holstein,2022-06-13,0
Schleswig-Holstein,2022-06-14,7
Schleswig-Holstein,2022-06-15,5
Schleswig-Holstein,2022-06-16,2
Schleswig-Holstein,2022-06-17,0
Schleswig-Holstein,2022-06-18,4
Schleswig-Holstein,2022-06-19,0
Schleswig-Holstein,2022-06-20,0
Schleswig-Holstein,2022-06-21,1
Schleswig-Holstein,2022-06-22,2
Schleswig-Holstein,2022-06-23,0
Schleswig-Holstein,2022-06-24,3
Schleswig-Holstein,2022-06-25,2
Schleswig-Holstein,2022-06-26,0
Thuringia,2022-04-04,0
Thuringia,2022-04-05,12
Thuringia,2022-04-06,12
Thuringia,2022-04-07,27
Thuringia,2022-04-08,18
Thuringia,2022-04-09,7
Thuringia,2022-04-10,0
Thuringia,2022-04-11,0
Thuringia,2022-04-12,16
Thuringia,2022-04-13,7
Thuringia,2022-04-14,5
Thuringia,2022-04-15,3
Thuringia,2022-04-16,0
Thuringia,2022-04-17,0
Thuringia,2022-04-18,0
Thuringia,2022-04-19,0
Thuringia,2022-04-20,22
Thuringia,2022-04-21,38
Thuringia,2022-04-22,25
Thuringia,2022-04-23,7
Thuringia,2022-04-24,0
Thuringia,2022-04-25,0
Thuringia,2022-04-26,19
Thuringia,2022-04-27,9
Thuringia,2022-04-28,18
Thuringia,2022-04-29,5
Thuringia,2022-04-30,2
Thuringia,2022-05-01,0
Thuringia,2022-05-02,0
Thuringia,2022-05-03,7
Thuringia,2022-05-04,15
Thuringia,2022-05-05,6
Thuringia,2022-05-06,9
Thuringia,2022-05-07,21
Thuringia,2022-05-08,0
Thuringia,2022-05-09,0
Thuringia,2022-05-10,5
Thuringia,2022-05-11,10
Thuringia,2022-05-12,11
Thuringia,2022-05-13,9
Thuringia,2022-05-14,2
Thuringia,2022-05-15,0
Thuringia,2022-05-16,0
Thuringia,2022-05-17,28
Thuringia,2022-05-18,10
Thuringia,2022-05-19,8
Thuringia,2022-05-20,6
Thuringia,2022-05-21,17
Thuringia,2022-05-22,0
Thuringia,2022-05-23,0
Thuringia,2022-05-24,0
Thuringia,2022-05-25,5
Thuringia,2022-05-26,4
Thuringia,2022-05-27,0
Thuringia,2022-05-28,0
Thuringia,2022-05-29,0
Thuringia,2022-05-30,0
Thuringia,2022-05-31,10
Thuringia,2022-06-01,2
Thuringia,2022-06-02,1
Thuringia,2022-06-03,5
Thuringia,2022-06-04,1
Thuringia,2022-06-05,0
Thuringia,2022-06-06,0
Thuringia,2022-06-07,0
Thuringia,2022-06-08,3
Thuringia,2022-06-09,8
Thuringia,2022-06-10,8
Thuringia,2022-06-11,10
Thuringia,2022-06-12,0
Thuringia,2022-06-13,0
Thuringia,2022-06-14,5
Thuringia,2022-06-15,5
Thuringia,2022-06-16,0
Thuringia,2022-06-17,0
Thuringia,2022-06-18,7
Thuringia,2022-06-19,0
Thuringia,2022-06-20,0
Thuringia,2022-06-21,2
Thuringia,2022-06-22,5
Thuringia,2022-06-23,2
Thuringia,2022-06-24,0
Thuringia,2022-06-25,1
Thuringia,2022-06-26,0
Warmińsko-Mazurskie,2022-04-04,0
Warmińsko-Mazurskie,2022-04-05,0
Warmińsko-Mazurskie,2022-04-06,2
Warmińsko-Mazurskie,2022-04-07,1
Warmińsko-Mazurskie,2022-04-08,2
Warmińsko-Mazurskie,2022-04-09,4
Warmińsko-Mazurskie,2022-04-10,0
Warmińsko-Mazurskie,2022-04-11,0
Warmińsko-Mazurskie,2022-04-12,0
Warmińsko-Mazurskie,2022-04-13,0
Warmińsko-Mazurskie,2022-04-14,4
Warmińsko-Mazurskie,2022-04-15,3
Warmińsko-Mazurskie,2022-04-16,0
Warmińsko-Mazurskie,2022-04-17,1
Warmińsko-Mazurskie,2022-04-18,0
Warmińsko-Mazurskie,2022-04-19,0
Warmińsko-Mazurskie,2022-04-20,0
Warmińsko-Mazurskie,2022-04-21,0
Warmińsko-Mazurskie,2022-04-22,1
Warmińsko-Mazurskie,2022-04-23,0
Warmińsko-Mazurskie,2022-04-24,1
Warmińsko-Mazurskie,2022-04-25,0
Warmińsko-Mazurskie,2022-04-26,0
Warmińsko-Mazurskie,2022-04-27,1
Warmińsko-Mazurskie,2022-04-28,0
Warmińsko-Mazurskie,2022-04-29,1
Warmińsko-Mazurskie,2022-04-30,0
Warmińsko-Mazurskie,2022-05-01,0
Warmińsko-Mazurskie,2022-05-02,0
Warmińsko-Mazurskie,2022-05-03,0
Warmińsko-Mazurskie,2022-05-04,0
Warmińsko-Mazurskie,2022-05-05,0
Warmińsko-Mazurskie,2022-05-06,0
Warmińsko-Mazurskie,2022-05-07,0
Warmińsko-Mazurskie,2022-05-08,0
Warmińsko-Mazurskie,2022-05-09,0
Warmińsko-Mazurskie,2022-05-10,0
Warmińsko-Mazurskie,2022-05-11,0
Warmińsko-Mazurskie,2022-05-12,0
Warmińsko-Mazurskie,2022-05-13,0
Warmińsko-Mazurskie,2022-05-14,0
Warmińsko-Mazurskie,2022-05-15,1
Warmińsko-Mazurskie,2022-05-16,0
Warmińsko-Mazurskie,2022-05-17,0
Warmińsko-Mazurskie,2022-05-18,0
Warmińsko-Mazurskie,2022-05-19,0
Warmińsko-Mazurskie,2022-05-20,1
Warmińsko-Mazurskie,2022-05-21,0
Warmińsko-Mazurskie,2022-05-22,0
Warmińsko-Mazurskie,2022-05-23,0
Warmińsko-Mazurskie,2022-05-24,0
Warmińsko-Mazurskie,2022-05-25,4
Warmińsko-Mazurskie,2022-05-26,0
Warmińsko-Mazurskie,2022-05-27,0
Warmińsko-Mazurskie,2022-05-28,0
Warmińsko-Mazurskie,2022-05-29,0
Warmińsko-Mazurskie,2022-05-30,0
Warmińsko-Mazurskie,2022-05-31,0
Warmińsko-Mazurskie,2022-06-01,0
Warmińsko-Mazurskie,2022-06-02,1
Warmińsko-Mazurskie,2022-06-03,0
Warmińsko-Mazurskie,2022-06-04,1
Warmińsko-Mazurskie,2022-06-05,0
Warmińsko-Mazurskie,2022-06-06,0
Warmińsko-Mazurskie,2022-06-07,0
Warmińsko-Mazurskie,2022-06-08,1
Warmińsko-Mazurskie,2022-06-09,0
Warmińsko-Mazurskie,2022-06-10,0
Warmińsko-Mazurskie,2022-06-11,0
Warmińsko-Mazurskie,2022-06-12,0
Warmińsko-Mazurskie,2022-06-13,0
Warmińsko-Mazurskie,2022-06-14,0
Warmińsko-Mazurskie,2022-06-15,0
Warmińsko-Mazurskie,2022-06-16,1
Warmińsko-Mazurskie,2022-06-17,0
Warmińsko-Mazurskie,2022-06-18,0
Warmińsko-Mazurskie,2022-06-19,0
Warmińsko-Mazurskie,2022-06-20,0
Warmińsko-Mazurskie,2022-06-21,0
Warmińsko-Mazurskie,2022-06-22,0
Warmińsko-Mazurskie,2022-06-23,2
Warmińsko-Mazurskie,2022-06-24,0
Warmińsko-Mazurskie,2022-06-25,0
Warmińsko-Mazurskie,2022-06-26,0
Warmińsko-Mazurskie,2022-06-27,0
Wielkopolskie,2022-04-04,0
Wielkopolskie,2022-04-05,0
Wielkopolskie,2022-04-06,10
Wielkopolskie,2022-04-07,6
Wielkopolskie,2022-04-08,5
Wielkopolskie,2022-04-09,4
Wielkopolskie,2022-04-10,4
Wielkopolskie,2022-04-11,0
Wielkopolskie,2022-04-12,0
Wielkopolskie,2022-04-13,2
Wielkopolskie,2022-04-14,5
Wielkopolskie,2022-04-15,3
Wielkopolskie,2022-04-16,1
Wielkopolskie,2022-04-17,0
Wielkopolskie,2022-04-18,0
Wielkopolskie,2022-04-19,0
Wielkopolskie,2022-04-20,0
Wielkopolskie,2022-04-21,0
Wielkopolskie,2022-04-22,0
Wielkopolskie,2022-04-23,2
Wielkopolskie,2022-04-24,1
Wielkopolskie,2022-04-25,0
Wielkopolskie,2022-04-26,0
Wielkopolskie,2022-04-27,1
Wielkopolskie,2022-04-28,2
Wielkopolskie,2022-04-29,0
Wielkopolskie,2022-04-30,6
Wielkopolskie,2022-05-01,8
Wielkopolskie,2022-05-02,0
Wielkopolskie,2022-05-03,0
Wielkopolskie,2022-05-04,1
Wielkopolskie,2022-05-05,0
Wielkopolskie,2022-05-06,2
Wielkopolskie,2022-05-07,5
Wielkopolskie,2022-05-08,1
Wielkopolskie,2022-05-09,0
Wielkopolskie,2022-05-10,0
Wielkopolskie,2022-05-11,1
Wielkopolskie,2022-05-12,1
Wielkopolskie,2022-05-13,0
Wielkopolskie,2022-05-14,0
Wielkopolskie,2022-05-15,2
Wielkopolskie,2022-05-16,0
Wielkopolskie,2022-05-17,0
Wielkopolskie,2022-05-18,0
Wielkopolskie,2022-05-19,0
Wielkopolskie,2022-05-20,1
Wielkopolskie,2022-05-21,0
Wielkopolskie,2022-05-22,0
Wielkopolskie,2022-05-23,0
Wielkopolskie,2022-05-24,0
Wielkopolskie,2022-05-25,1
Wielkopolskie,2022-05-26,0
Wielkopolskie,2022-05-27,2
Wielkopolskie,2022-05-28,0
Wielkopolskie,2022-05-29,0
Wielkopolskie,2022-05-30,0
Wielkopolskie,2022-05-31,0
Wielkopolskie,2022-06-01,1
Wielkopolskie,2022-06-02,0
Wielkopolskie,2022-06-03,0
Wielkopolskie,2022-06-04,0
Wielkopolskie,2022-06-05,1
Wielkopolskie,2022-06-06,0
Wielkopolskie,2022-06-07,0
Wielkopolskie,2022-06-08,0
Wielkopolskie,2022-06-09,0
Wielkopolskie,2022-06-10,0
Wielkopolskie,2022-06-11,0
Wielkopolskie,2022-06-12,0
Wielkopolskie,2022-06-13,0
Wielkopolskie,2022-06-14,0
Wielkopolskie,2022-06-15,0
Wielkopolskie,2022-06-16,0
Wielkopolskie,2022-06-17,0
Wielkopolskie,2022-06-18,0
Wielkopolskie,2022-06-19,0
Wielkopolskie,2022-06-20,0
Wielkopolskie,2022-06-21,0
Wielkopolskie,2022-06-22,0
Wielkopolskie,2022-06-23,0
Wielkopolskie,2022-06-24,0
Wielkopolskie,2022-06-25,0
Wielkopolskie,2022-06-26,0
Wielkopolskie,2022-06-27,0
Zachodniopomorskie,2022-04-04,1
Zachodniopomorskie,2022-04-05,0
Zachodniopomorskie,2022-04-06,5
Zachodniopomorskie,2022-04-07,5
Zachodniopomorskie,2022-04-08,3
Zachodniopomorskie,2022-04-09,2
Zachodniopomorskie,2022-04-10,15
Zachodniopomorskie,2022-04-11,0
Zachodniopomorskie,2022-04-12,0
Zachodniopomorskie,2022-04-13,4
Zachodniopomorskie,2022-04-14,1
Zachodniopomorskie,2022-04-15,5
Zachodniopomorskie,2022-04-16,0
Zachodniopomorskie,2022-04-17,3
Zachodniopomorskie,2022-04-18,0
Zachodniopomorskie,2022-04-19,0
Zachodniopomorskie,2022-04-20,0
Zachodniopomorskie,2022-04-21,1
Zachodniopomorskie,2022-04-22,3
Zachodniopomorskie,2022-04-23,4
Zachodniopomorskie,2022-04-24,1
Zachodniopomorskie,2022-04-25,0
Zachodniopomorskie,2022-04-26,0
Zachodniopomorskie,2022-04-27,1
Zachodniopomorskie,2022-04-28,0
Zachodniopomorskie,2022-04-29,1
Zachodniopomorskie,2022-04-30,0
Zachodniopomorskie,2022-05-01,2
Zachodniopomorskie,2022-05-02,0
Zachodniopomorskie,2022-05-03,0
Zachodniopomorskie,2022-05-04,0
Zachodniopomorskie,2022-05-05,0
Zachodniopomorskie,2022-05-06,1
Zachodniopomorskie,2022-05-07,0
Zachodniopomorskie,2022-05-08,0
Zachodniopomorskie,2022-05-09,0
Zachodniopomorskie,2022-05-10,0
Zachodniopomorskie,2022-05-11,0
Zachodniopomorskie,2022-05-12,1
Zachodniopomorskie,2022-05-13,1
Zachodniopomorskie,2022-05-14,0
Zachodniopomorskie,2022-05-15,0
Zachodniopomorskie,2022-05-16,0
Zachodniopomorskie,2022-05-17,0
Zachodniopomorskie,2022-05-18,0
Zachodniopomorskie,2022-05-19,0
Zachodniopomorskie,2022-05-20,1
Zachodniopomorskie,2022-05-21,0
Zachodniopomorskie,2022-05-22,0
Zachodniopomorskie,2022-05-23,0
Zachodniopomorskie,2022-05-24,0
Zachodniopomorskie,2022-05-25,1
Zachodniopomorskie,2022-05-26,1
Zachodniopomorskie,2022-05-27,0
Zachodniopomorskie,2022-05-28,0
Zachodniopomorskie,2022-05-29,0
Zachodniopomorskie,2022-05-30,0
Zachodniopomorskie,2022-05-31,0
Zachodniopomorskie,2022-06-01,0
Zachodniopomorskie,2022-06-02,1
Zachodniopomorskie,2022-06-03,0
Zachodniopomorskie,2022-06-04,0
Zachodniopomorskie,2022-06-05,0
Zachodniopomorskie,2022-06-06,0
Zachodniopomorskie,2022-06-07,0
Zachodniopomorskie,2022-06-08,0
Zachodniopomorskie,2022-06-09,0
Zachodniopomorskie,2022-06-10,0
Zachodniopomorskie,2022-06-11,0
Zachodniopomorskie,2022-06-12,0
Zachodniopomorskie,2022-06-13,0
Zachodniopomorskie,2022-06-14,0
Zachodniopomorskie,2022-06-15,1
Zachodniopomorskie,2022-06-16,0
Zachodniopomorskie,2022-06-17,0
Zachodniopomorskie,2022-06-18,0
Zachodniopomorskie,2022-06-19,0
Zachodniopomorskie,2022-06-20,0
Zachodniopomorskie,2022-06-21,0
Zachodniopomorskie,2022-06-22,0
Zachodniopomorskie,2022-06-23,0
Zachodniopomorskie,2022-06-24,0
Zachodniopomorskie,2022-06-25,0
Zachodniopomorskie,2022-06-26,0
Zachodniopomorskie,2022-06-27,0
Łódzkie,2022-04-04,0
Łódzkie,2022-04-05,0
Łódzkie,2022-04-06,1
Łódzkie,2022-04-07,3
Łódzkie,2022-04-08,6
Łódzkie,2022-04-09,3
Łódzkie,2022-04-10,4
Łódzkie,2022-04-11,0
Łódzkie,2022-04-12,0
Łódzkie,2022-04-13,4
Łódzkie,2022-04-14,5
Łódzkie,2022-04-15,2
Łódzkie,2022-04-16,3
Łódzkie,2022-04-17,4
Łódzkie,2022-04-18,0
Łódzkie,2022-04-19,0
Łódzkie,2022-04-20,0
Łódzkie,2022-04-21,0
Łódzkie,2022-04-22,3
Łódzkie,2022-04-23,3
Łódzkie,2022-04-24,4
Łódzkie,2022-04-25,0
Łódzkie,2022-04-26,0
Łódzkie,2022-04-27,0
Łódzkie,2022-04-28,0
Łódzkie,2022-04-29,2
Łódzkie,2022-04-30,1
Łódzkie,2022-05-01,2
Łódzkie,2022-05-02,0
Łódzkie,2022-05-03,0
Łódzkie,2022-05-04,0
Łódzkie,2022-05-05,0
Łódzkie,2022-05-06,3
Łódzkie,2022-05-07,1
Łódzkie,2022-05-08,1
Łódzkie,2022-05-09,0
Łódzkie,2022-05-10,0
Łódzkie,2022-05-11,1
Łódzkie,2022-05-12,0
Łódzkie,2022-05-13,1
Łódzkie,2022-05-14,0
Łódzkie,2022-05-15,0
Łódzkie,2022-05-16,0
Łódzkie,2022-05-17,0
Łódzkie,2022-05-18,0
Łódzkie,2022-05-19,0
Łódzkie,2022-05-20,0
Łódzkie,2022-05-21,1
Łódzkie,2022-05-22,2
Łódzkie,2022-05-23,0
Łódzkie,2022-05-24,0
Łódzkie,2022-05-25,0
Łódzkie,2022-05-26,1
Łódzkie,2022-05-27,1
Łódzkie,2022-05-28,0
Łódzkie,2022-05-29,0
Łódzkie,2022-05-30,0
Łódzkie,2022-05-31,0
Łódzkie,2022-06-01,1
Łódzkie,2022-06-02,0
Łódzkie,2022-06-03,0
Łódzkie,2022-06-04,0
Łódzkie,2022-06-05,8
Łódzkie,2022-06-06,0
Łódzkie,2022-06-07,0
Łódzkie,2022-06-08,0
Łódzkie,2022-06-09,2
Łódzkie,2022-06-10,1
Łódzkie,2022-06-11,1
Łódzkie,2022-06-12,1
Łódzkie,2022-06-13,0
Łódzkie,2022-06-14,0
Łódzkie,2022-06-15,0
Łódzkie,2022-06-16,2
Łódzkie,2022-06-17,0
Łódzkie,2022-06-18,0
Łódzkie,2022-06-19,0
Łódzkie,2022-06-20,0
Łódzkie,2022-06-21,0
Łódzkie,2022-06-22,1
Łódzkie,2022-06-23,0
Łódzkie,2022-06-24,0
Łódzkie,2022-06-25,0
Łódzkie,2022-06-26,0
Łódzkie,2022-06-27,0
Śląskie,2022-04-04,0
Śląskie,2022-04-05,0
Śląskie,2022-04-06,8
Śląskie,2022-04-07,12
Śląskie,2022-04-08,7
Śląskie,2022-04-09,3
Śląskie,2022-04-10,4
Śląskie,2022-04-11,0
Śląskie,2022-04-12,0
Śląskie,2022-04-13,7
Śląskie,2022-04-14,5
Śląskie,2022-04-15,1
Śląskie,2022-04-16,7
Śląskie,2022-04-17,2
Śląskie,2022-04-18,0
Śląskie,2022-04-19,0
Śląskie,2022-04-20,0
Śląskie,2022-04-21,4
Śląskie,2022-04-22,0
Śląskie,2022-04-23,1
Śląskie,2022-04-24,5
Śląskie,2022-04-25,0
Śląskie,2022-04-26,0
Śląskie,2022-04-27,3
Śląskie,2022-04-28,3
Śląskie,2022-04-29,1
Śląskie,2022-04-30,3
Śląskie,2022-05-01,0
Śląskie,2022-05-02,0
Śląskie,2022-05-03,0
Śląskie,2022-05-04,1
Śląskie,2022-05-05,0
Śląskie,2022-05-06,4
Śląskie,2022-05-07,4
Śląskie,2022-05-08,3
Śląskie,2022-05-09,0
Śląskie,2022-05-10,0
Śląskie,2022-05-11,1
Śląskie,2022-05-12,2
Śląskie,2022-05-13,0
Śląskie,2022-05-14,3
Śląskie,2022-05-15,0
Śląskie,2022-05-16,0
Śląskie,2022-05-17,0
Śląskie,2022-05-18,0
Śląskie,2022-05-19,0
Śląskie,2022-05-20,1
Śląskie,2022-05-21,1
Śląskie,2022-05-22,0
Śląskie,2022-05-23,0
Śląskie,2022-05-24,0
Śląskie,2022-05-25,1
Śląskie,2022-05-26,0
Śląskie,2022-05-27,0
Śląskie,2022-05-28,1
Śląskie,2022-05-29,0
Śląskie,2022-05-30,0
Śląskie,2022-05-31,0
Śląskie,2022-06-01,2
Śląskie,2022-06-02,1
Śląskie,2022-06-03,1
Śląskie,2022-06-04,0
Śląskie,2022-06-05,0
Śląskie,2022-06-06,0
Śląskie,2022-06-07,0
Śląskie,2022-06-08,1
Śląskie,2022-06-09,1
Śląskie,2022-06-10,0
Śląskie,2022-06-11,0
Śląskie,2022-06-12,0
Śląskie,2022-06-13,0
Śląskie,2022-06-14,0
Śląskie,2022-06-15,0
Śląskie,2022-06-16,0
Śląskie,2022-06-17,0
Śląskie,2022-06-18,0
Śląskie,2022-06-19,0
Śląskie,2022-06-20,0
Śląskie,2022-06-21,0
Śląskie,2022-06-22,1
Śląskie,2022-06-23,0
Śląskie,2022-06-24,0
Śląskie,2022-06-25,0
Śląskie,2022-06-26,0
Śląskie,2022-06-27,0
Świętokrzyskie,2022-04-04,0
Świętokrzyskie,2022-04-05,0
Świętokrzyskie,2022-04-06,2
Świętokrzyskie,2022-04-07,4
Świętokrzyskie,2022-04-08,0
Świętokrzyskie,2022-04-09,0
Świętokrzyskie,2022-04-10,5
Świętokrzyskie,2022-04-11,0
Świętokrzyskie,2022-04-12,0
Świętokrzyskie,2022-04-13,3
Świętokrzyskie,2022-04-14,0
Świętokrzyskie,2022-04-15,0
Świętokrzyskie,2022-04-16,0
Świętokrzyskie,2022-04-17,0
Świętokrzyskie,2022-04-18,0
Świętokrzyskie,2022-04-19,0
Świętokrzyskie,2022-04-20,0
Świętokrzyskie,2022-04-21,1
Świętokrzyskie,2022-04-22,0
Świętokrzyskie,2022-04-23,0
Świętokrzyskie,2022-04-24,2
Świętokrzyskie,2022-04-25,0
Świętokrzyskie,2022-04-26,0
Świętokrzyskie,2022-04-27,11
Świętokrzyskie,2022-04-28,3
Świętokrzyskie,2022-04-29,0
Świętokrzyskie,2022-04-30,1
Świętokrzyskie,2022-05-01,0
Świętokrzyskie,2022-05-02,0
Świętokrzyskie,2022-05-03,0
Świętokrzyskie,2022-05-04,1
Świętokrzyskie,2022-05-05,0
Świętokrzyskie,2022-05-06,1
Świętokrzyskie,2022-05-07,1
Świętokrzyskie,2022-05-08,0
Świętokrzyskie,2022-05-09,0
Świętokrzyskie,2022-05-10,0
Świętokrzyskie,2022-05-11,0
Świętokrzyskie,2022-05-12,0
Świętokrzyskie,2022-05-13,0
Świętokrzyskie,2022-05-14,0
Świętokrzyskie,2022-05-15,1
Świętokrzyskie,2022-05-16,0
Świętokrzyskie,2022-05-17,0
Świętokrzyskie,2022-05-18,1
Świętokrzyskie,2022-05-19,0
Świętokrzyskie,2022-05-20,0
Świętokrzyskie,2022-05-21,2
Świętokrzyskie,2022-05-22,1
Świętokrzyskie,2022-05-23,0
Świętokrzyskie,2022-05-24,0
Świętokrzyskie,2022-05-25,0
Świętokrzyskie,2022-05-26,1
Świętokrzyskie,2022-05-27,2
Świętokrzyskie,2022-05-28,1
Świętokrzyskie,2022-05-29,0
Świętokrzyskie,2022-05-30,0
Świętokrzyskie,2022-05-31,0
Świętokrzyskie,2022-06-01,0
Świętokrzyskie,2022-06-02,0
Świętokrzyskie,2022-06-03,0
Świętokrzyskie,2022-06-04,2
Świętokrzyskie,2022-06-05,0
Świętokrzyskie,2022-06-06,0
Świętokrzyskie,2022-06-07,0
Świętokrzyskie,2022-06-08,0
Świętokrzyskie,2022-06-09,0
Świętokrzyskie,2022-06-10,0
Świętokrzyskie,2022-06-11,0
Świętokrzyskie,2022-06-12,0
Świętokrzyskie,2022-06-13,0
Świętokrzyskie,2022-06-14,0
Świętokrzyskie,2022-06-15,0
Świętokrzyskie,2022-06-16,1
Świętokrzyskie,2022-06-17,0
Świętokrzyskie,2022-06-18,0
Świętokrzyskie,2022-06-19,0
Świętokrzyskie,2022-06-20,0
Świętokrzyskie,2022-06-21,0
Świętokrzyskie,2022-06-22,0
Świętokrzyskie,2022-06-23,0
Świętokrzyskie,2022-06-24,0
Świętokrzyskie,2022-06-25,0
Świętokrzyskie,2022-06-26,2
Świętokrzyskie,2022-06-27,0
